INSERT INTO events (event_id, ds_prompt, is_card, prompt) VALUES (1, NULL, FALSE, 'Roll a D20 to attempt. If the attempt roll is more than 10, you get away with something from his cart. Draw a card from the Greater Loot pile. If the attempt roll is no greater than 10, the merchant lands a decisive blow to your head. Roll a Savng Throw.');
INSERT INTO events (event_id, ds_prompt, is_card, prompt) VALUES (2, NULL, FALSE, 'If you have a card with the word "Coin" in the title, you may discard it at this time to draw a card from the Greater Loot pile. If you do not have a card with the word "Coin" in the title, the merchant says, "You have no coin! Get out of here!"');
INSERT INTO events (event_id, ds_prompt, is_card, prompt) VALUES (3, NULL, FALSE, 'The merchant takes pity on you. Draw a card from the Lesser Loot pile.');
INSERT INTO events (event_id, ds_prompt, is_card, prompt) VALUES (4, NULL, FALSE, 'Move your Progress Tracker up by 2.');
INSERT INTO events (event_id, ds_prompt, is_card, prompt) VALUES (5, NULL, TRUE, 'You run into a merchant. The merchant says, I have wares to sell, if you have coin?');
INSERT INTO events (event_id, ds_prompt, is_card, prompt) VALUES (6, NULL, FALSE, 'If you have a card with the word "Water" in the title, you may discard it and draw a card from the Greater Loot pile. If you do not have a card with the word "Water" in the title, roll a D20 to attempt. If the attempt roll is over 5, you extinguished the imp. The girl says, "Aunty Glinda must have taught you that." Draw a card from the Lesser Loot pile. If the attempt roll is at most 5, move your Progress Tracker up by 1.');
INSERT INTO events (event_id, ds_prompt, is_card, prompt) VALUES (7, NULL, FALSE, 'You and the girl escape! "Theodora?" A man drops his books to embrace his daughter. Move your Progress Tracker down by 1.');
INSERT INTO events (event_id, ds_prompt, is_card, prompt) VALUES (8, NULL, FALSE, 'A man douces the imp with water conjured from a wand. The girl shouts with joy, "Uncle Tim!" Move your Progress Tracker up by 2.');
INSERT INTO events (event_id, ds_prompt, is_card, prompt) VALUES (9, NULL, TRUE, 'A little girl is running from a fiery imp. She is shouting for her father.');
INSERT INTO events (event_id, ds_prompt, is_card, prompt) VALUES (10, NULL, FALSE, 'You escaped! Move your Progress Tracker down by 1.');
INSERT INTO events (event_id, ds_prompt, is_card, prompt) VALUES (11, NULL, FALSE, 'A wolf has 3 hit-points. If your Damage Tracker is at least 3, search the Greater Loot pile for a card with the title, "Wolf," and take it with you. If your Damage Tracker is less than 3, roll a Saving Throw.');
INSERT INTO events (event_id, ds_prompt, is_card, prompt) VALUES (12, NULL, FALSE, 'You wave your arms over your head shouting. The wolf runs away. Move your Progress Tracker up by 1.');
INSERT INTO events (event_id, ds_prompt, is_card, prompt) VALUES (13, NULL, FALSE, 'This beast has no interest in being your pet. It sinks its teeth into your hand. Roll a Saving Throw.•');
INSERT INTO events (event_id, ds_prompt, is_card, prompt) VALUES (14, NULL, TRUE, 'A wolf is growling at you.');
INSERT INTO events (event_id, ds_prompt, is_card, prompt) VALUES (16, NULL, FALSE, 'A boar has 3 hit-points. If your Damage Tracker is at least 3, you send the boar whimpering. Draw a card from the Lesser Loot pile. If your Damage Tracker is less than 3, roll a Saving Throw. ');
INSERT INTO events (event_id, ds_prompt, is_card, prompt) VALUES (17, NULL, FALSE, 'This beast has no interest in being your pet. It gouges its tusk into your side. Roll a Saving Throw.•');
INSERT INTO events (event_id, ds_prompt, is_card, prompt) VALUES (18, NULL, TRUE, 'A boar is charging in your direction.');
INSERT INTO events (event_id, ds_prompt, is_card, prompt) VALUES (19, NULL, FALSE, 'Roll a D20 to try. If the try roll is over 10, you caught the fairy. Draw a card from the Lesser Loot pile and move your Progress Tracker up by 1. If the try roll is at most 10, roll a D20 to try again. If the second try roll is over 10, you caught the fairy. Draw a card from the Lesser Loot pile. If the second try roll is at most 10, the fairy escaped! Move your Progress Tracker down by 1.');
INSERT INTO events (event_id, ds_prompt, is_card, prompt) VALUES (20, NULL, FALSE, 'You are led away from your goal. Move your Progress Tracker down by 1.');
INSERT INTO events (event_id, ds_prompt, is_card, prompt) VALUES (22, NULL, TRUE, 'You see a fairy running away.');
INSERT INTO events (event_id, ds_prompt, is_card, prompt) VALUES (23, NULL, FALSE, 'Roll a D20 to try. If the try roll is over 10, you hitch a ride on the carriage. Move your Progress Tracker up by 3. If the try roll is no more than 10, you are run over by the carriage. Roll a Saving Throw.');
INSERT INTO events (event_id, ds_prompt, is_card, prompt) VALUES (24, NULL, FALSE, 'You are run over by the carriage. Roll a Saving Throw.•');
INSERT INTO events (event_id, ds_prompt, is_card, prompt) VALUES (26, NULL, TRUE, 'You hear galloping and shouting.You turn to see a horse-drawn carriage gliding past you.We have to pickup Miss Kay and Sir Rex! ');
INSERT INTO events (event_id, ds_prompt, is_card, prompt) VALUES (27, NULL, FALSE, 'Roll a D20 to dodge. If the dodge roll is over 10, the wizard fires a bolt of energy past you. It could hit someone else! If another player is nearby, they must roll a Saving Throw. If more than one player is nearby, all nearby players must roll a D20 for a chance. The player with the lowest chance roll must roll a Saving Throw. If the dodge roll is at most 10, The wizard manages to land a strike of lightning on you. Roll a Saving Throw.');
INSERT INTO events (event_id, ds_prompt, is_card, prompt) VALUES (28, NULL, FALSE, 'The wizard fires a bolt of lightning at you before you can get close enough to stop him. Roll a Saving Throw.•');
INSERT INTO events (event_id, ds_prompt, is_card, prompt) VALUES (29, NULL, FALSE, 'You are struck by lightning. Roll a Saving Throw.•');
INSERT INTO events (event_id, ds_prompt, is_card, prompt) VALUES (30, NULL, FALSE, 'You successfully counter his spell if you have any cards with the word "Magic" in the title. The counterspell you cast is more powerful if you have a card titled, "Pendant of Power." Move your Progress Tracker up by 4. If you do not have a card titled, "Pendant of Power," move your Progress Tracker up by 2 instead. If you do not have any cards with the word "Magic" in the title, the wizard successfully strikes you with lightning. Roll a Saving Throw.');
INSERT INTO events (event_id, ds_prompt, is_card, prompt) VALUES (31, NULL, TRUE, 'You notice a wizard is casting a spell at you. There is lightning all around him. He shouts, This is for your own good!');
INSERT INTO events (event_id, ds_prompt, is_card, prompt) VALUES (32, NULL, FALSE, 'The siren attempts to drag you into the sea. Roll a Saving Throw.•');
INSERT INTO events (event_id, ds_prompt, is_card, prompt) VALUES (33, NULL, FALSE, 'Roll a D20 to attempt. If the attempt roll is over 10, move your Progress Tracker up by 1. If the attempt roll is at most 10, you succumb to the siren''s call. The siren attempts to drag you into the sea. Roll a Throwing Save.');
INSERT INTO events (event_id, ds_prompt, is_card, prompt) VALUES (34, NULL, FALSE, 'A siren has 10 hit poin- Wait... You can''t fight a siren. The siren attempts to drag you into the sea. Roll a Throwing Save.');
INSERT INTO events (event_id, ds_prompt, is_card, prompt) VALUES (35, NULL, FALSE, 'If you have any cards with the word "Magic" in the title, you begin channeling a spell. The spell you are channeling is more powerful if you have a card titled, "Pendant of Power." Move your Progress Tracker up by 4. If you do not have a card titled, "Pendant of Power," move your Progress Tracker up by 2 instead. If you do not have any cards with the word "Magic" in the title, you succumb to the siren''s call. The siren attempts to drag you into the sea. Roll a Saving Throw.');
INSERT INTO events (event_id, ds_prompt, is_card, prompt) VALUES (36, NULL, TRUE, 'You hear a siren''s call.');
INSERT INTO events (event_id, ds_prompt, is_card, prompt) VALUES (37, NULL, FALSE, 'Gelatinous cubes digest most things that come in contact with it. Roll a Saving Throw.•');
INSERT INTO events (event_id, ds_prompt, is_card, prompt) VALUES (38, NULL, FALSE, 'Roll a D20 to attempt. If the attempt roll is over 5, move your Progress Tracker up by 2. If the attempt roll is at most 5, the cube pounces on and tries to digest you. Roll a Saving Throw.');
INSERT INTO events (event_id, ds_prompt, is_card, prompt) VALUES (39, NULL, FALSE, 'If you do not have a bow equipped, your equipped weapon is at risk of being digested. Roll a D20 to save your weapon. If the save roll is over 10, move your Progress Tracker up by 1. If the save roll is at most 10, your equipped weapon is destroyed. Discard your equipped weapon. ');
INSERT INTO events (event_id, ds_prompt, is_card, prompt) VALUES (41, NULL, TRUE, 'A gelatinous cube rises from the ground in your path.');
INSERT INTO events (event_id, ds_prompt, is_card, prompt) VALUES (42, NULL, FALSE, 'You fly off the ground briefly and drop the page in the mud. Move your Progress Tracker up by 1.');
INSERT INTO events (event_id, ds_prompt, is_card, prompt) VALUES (43, NULL, FALSE, 'The magic propels you forward. Move your Progress Tracker up by 3.');
INSERT INTO events (event_id, ds_prompt, is_card, prompt) VALUES (44, NULL, FALSE, 'The page flys off over the horizon. It must have gone to the dragon''s cave. Move your Progress Tracker up by 1.');
INSERT INTO events (event_id, ds_prompt, is_card, prompt) VALUES (45, NULL, FALSE, 'A ghostly dragon''s claw projects forward from your chest. The page is torn to shreds. Move your Progress Tracker up by 1.');
INSERT INTO events (event_id, ds_prompt, is_card, prompt) VALUES (46, 'At dragons ways', TRUE, 'A man, wearing a scale-thread cloak, quickly hands you a page torn from a book and says, Speak the words and fly! He runs away with a woman.');
INSERT INTO events (event_id, ds_prompt, is_card, prompt) VALUES (47, NULL, FALSE, 'Roll a D20 to dodge. If the dodge roll is over 5, you got past the tree. Move your Progress Tracker up by 2. If the dodge roll is at most 5, you are crushed by the tree. Roll a Saving Throw.');
INSERT INTO events (event_id, ds_prompt, is_card, prompt) VALUES (49, NULL, FALSE, 'The tree has 10 hit-points. If your Damage Tracker is at least 10, move your Progress Tracker up by 1 and draw a card from the Lesser Loot pile. If your Damage Tracker is less than 10, the tree crushed you. Roll a Saving Throw.');
INSERT INTO events (event_id, ds_prompt, is_card, prompt) VALUES (50, NULL, FALSE, 'You are crushed by the tree. Roll a Saving Throw.•');
INSERT INTO events (event_id, ds_prompt, is_card, prompt) VALUES (51, NULL, TRUE, 'A tree is falling on you!');
INSERT INTO events (event_id, ds_prompt, is_card, prompt) VALUES (53, NULL, FALSE, 'A bear has 5 hit-points. Engage in combat with the bear. If you defeat it in combat, draw a card from the Lesser Loot pile.');
INSERT INTO events (event_id, ds_prompt, is_card, prompt) VALUES (54, NULL, FALSE, 'Roll a D20 to attempt. If the attempt roll is over 10, you have made yourself look big enough to scare off the bear. Move your Progress Tracker up by 1. If the attempt roll is at most 10, the bear mauled you. Roll a Saving Throw.');
INSERT INTO events (event_id, ds_prompt, is_card, prompt) VALUES (55, NULL, FALSE, 'This beast has no interest being your pet. It mauls you to shreds. Roll a Saving Throw.•');
INSERT INTO events (event_id, ds_prompt, is_card, prompt) VALUES (56, NULL, TRUE, 'A bear growls at you and begins to charge.');
INSERT INTO events (event_id, ds_prompt, is_card, prompt) VALUES (57, NULL, FALSE, 'You notice that there is quicksand between you and the item. You go around the quicksand to loot the item. Draw a card from the Greater Loot pile.');
INSERT INTO events (event_id, ds_prompt, is_card, prompt) VALUES (58, NULL, FALSE, 'Quick sand! Roll a Saving Throw.•');
INSERT INTO events (event_id, ds_prompt, is_card, prompt) VALUES (61, NULL, TRUE, 'You notice something shiny!');
INSERT INTO events (event_id, ds_prompt, is_card, prompt) VALUES (62, NULL, FALSE, 'Roll a D20 to attempt. If the attempt roll is over 10, you caught the flower. The woman stares at you in awe for a moment before she runs away. Search the Greater Loot pile for a card titled, "Lily of Power," and take it with you. If the attempt roll is at most 10, she got you. Roll a Saving Throw.');
INSERT INTO events (event_id, ds_prompt, is_card, prompt) VALUES (63, NULL, FALSE, 'The woman has 4 hit-points. Roll a D20 to dodge. If the dodge roll is over 10, you dodged the flower. Engage in combat with the woman. If the dodge roll is at most 10, she got you. Roll a Saving Throw. If you do not faint, engage in combat with the woman. If you defeat her in combat, search the Greater Loot pile for a card titled, "Lily of Power," and take it with you.');
INSERT INTO events (event_id, ds_prompt, is_card, prompt) VALUES (64, NULL, FALSE, 'Move your Progress Tracker up by 1. A flower pierces into a post near your head! She''s throwing another flower at you!');
INSERT INTO events (event_id, ds_prompt, is_card, prompt) VALUES (65, NULL, FALSE, 'You escaped? Move your Progress Tracker down by 1.');
INSERT INTO events (event_id, ds_prompt, is_card, prompt) VALUES (66, NULL, FALSE, 'The woman has 4 hit-points. Engage in combat with the woman. If you defeat her in combat, search the Greater Loot pile for a card titled, "Lily of Power," and take it with you.');
INSERT INTO events (event_id, ds_prompt, is_card, prompt) VALUES (67, NULL, FALSE, 'The woman has 4 hit-points. She attacks you. Roll a Saving Throw. If you do not faint, engage in combat with the woman. If you defeat the woman in combat, search the Greater Loot pile for a card titled, "Lily of Power," and take it with you.');
INSERT INTO events (event_id, ds_prompt, is_card, prompt) VALUES (68, NULL, TRUE, 'You notice a woman standing calmly holding lilies.');
INSERT INTO events (event_id, ds_prompt, is_card, prompt) VALUES (69, NULL, FALSE, 'Trade Progress Tracker values with another player of your choice.');
INSERT INTO events (event_id, ds_prompt, is_card, prompt) VALUES (70, NULL, FALSE, 'You are flung into the air! Roll a Saving Throw. If you do not faint, move your Progress Tracker up by 3.');
INSERT INTO events (event_id, ds_prompt, is_card, prompt) VALUES (71, NULL, FALSE, 'Choose: Move your Progress Tracker down by 1, or target player moves their Progress Tracker down by 1.');
INSERT INTO events (event_id, ds_prompt, is_card, prompt) VALUES (73, NULL, TRUE, 'A man is pointing to three levers. Which one do you pull?');
INSERT INTO events (event_id, ds_prompt, is_card, prompt) VALUES (74, NULL, FALSE, 'Roll a D20 to dodge. If the dodge roll is over 10, you skip by the hive with ease. Move your Progress Tracker up by 2. If the dodge roll is at most 10, you ran straight into the hive. Roll a Saving Throw.');
INSERT INTO events (event_id, ds_prompt, is_card, prompt) VALUES (75, NULL, FALSE, 'Roll a D20 to attempt. If the attempt roll is over 5, you safely go around the hive. Move your Progress Tracker up by 1. If the attempt roll is no more than 5, the bees come after you in a swarm. Roll a Saving Throw.');
INSERT INTO events (event_id, ds_prompt, is_card, prompt) VALUES (76, NULL, FALSE, 'Unless you have somehow figured out how to wield hundreds of weapons, you lose. Roll a Saving Throw.•');
INSERT INTO events (event_id, ds_prompt, is_card, prompt) VALUES (78, NULL, TRUE, 'You see a bee hive in your path as you speed through the woods.');
INSERT INTO events (event_id, ds_prompt, is_card, prompt) VALUES (79, NULL, FALSE, 'If you have a card with the word "Water" in the title, you may discard that card to drench the hound in water. Draw a card from the Greater Loot pile. If you do not have a card with the word "Water" in the title, roll a D20 to attempt. If the attempt roll is over 5, draw a card from the Lesser Loot pile. If the attempt roll is at most 5, the hound clamps its burning jaws on your arm. Roll a Saving Throw.');
INSERT INTO events (event_id, ds_prompt, is_card, prompt) VALUES (81, NULL, FALSE, 'A fiery hound has 10 hit-points. Engage in combat with the fiery hound. Draw a card from the Greater Loot pile if you defeat the fiery hound in combat.');
INSERT INTO events (event_id, ds_prompt, is_card, prompt) VALUES (82, NULL, FALSE, 'The hound sinks its burning teeth into you. Roll a Saving Throw.•');
INSERT INTO events (event_id, ds_prompt, is_card, prompt) VALUES (83, NULL, TRUE, 'A building is consumed in fire leaving behind nothing but a fiery hound standing over ashe and coals. It is gritting its black teeth at you.');
INSERT INTO events (event_id, ds_prompt, is_card, prompt) VALUES (84, NULL, FALSE, 'Move your Progress Tracker up by 1. She shouts, "Look what we have to work with, Tim!" She casts a spell that turns you into a sheep.Skip your next turn.');
INSERT INTO events (event_id, ds_prompt, is_card, prompt) VALUES (85, NULL, FALSE, 'Move your Progress Tracker down by 1. She shouts, "Coward!" and casts a spell that turns you into a chicken.Skip your next turn.');
INSERT INTO events (event_id, ds_prompt, is_card, prompt) VALUES (86, NULL, FALSE, 'The sorceress has 10 hit-points and is very quick. Roll 2 Saving Throws instead of 1 while in combat with her. She says, "Has Lucius got to you already?" Engage in combat with her. If you defeat her in combat, draw 2 cards from the Greater Loot pile.');
INSERT INTO events (event_id, ds_prompt, is_card, prompt) VALUES (87, NULL, FALSE, 'Roll a D20 to cast. If the cast roll is over 10, her weapon blasts out of her hands and she concedes. She gives you a reward. Search the Greater Loot pile for a card titled, "Element Capture Box," and take it with you. If the cast roll is at most 10, your weapon flies out of your hands and her spell decimates you. Roll a Saving Throw.');
INSERT INTO events (event_id, ds_prompt, is_card, prompt) VALUES (88, NULL, FALSE, 'Roll a D20 to cast. If the cast roll is over 10, your spell absolutely incinerates the sorceress. Draw 2 cards from the Greater Loot pile. If the cast roll is at most 10, her spell obliterates you. Roll a Saving Throw.');
INSERT INTO events (event_id, ds_prompt, is_card, prompt) VALUES (89, NULL, FALSE, 'She cast an Energy Wave too! Your wave clashes with hers.You engage in a Clash with the sorceress. Roll 2 D20s to clash. One D20 is for the sorceress, while the other D20 is for you. The one who rolls the higher number wins the clash roll. The one who wins 3 clash rolls over the other wins the Clash. If you win the clash, the energy waves crash into the sorceress and destroy her. Draw 2 cards from the Greater Loot pile. If the sorceress wins the clash, the energy waves crash into you and destroy you. Roll a Saving Throw.');
INSERT INTO events (event_id, ds_prompt, is_card, prompt) VALUES (90, NULL, FALSE, 'A bolt of lightning jumps from her weapon as you cast! Roll a D20 to cast. If the cast roll is over 10, your spell forces the lightning to rebound on her. She is destroyed by her own lightning. Draw 2 cards from the Greater Loot pile. If the cast roll is at most 10, the lightning blasts through your spell to you. Roll a Saving Throw.');
INSERT INTO events (event_id, ds_prompt, is_card, prompt) VALUES (91, NULL, FALSE, 'You count 10 steps away from the sorceress. If you do not have a card titled "Encyclopedia Magica," she decimates you. Roll a Saving Throw. If you have a card titled "Encyclopedia Magica," choose a spell to cast:');
INSERT INTO events (event_id, ds_prompt, is_card, prompt) VALUES (92, NULL, FALSE, 'Before you can get in range to attack her, she casts a spell that strikes you like lightning. Roll a Saving Throw.•');
INSERT INTO events (event_id, ds_prompt, is_card, prompt) VALUES (93, NULL, FALSE, 'The sorceress has 10 hit-points and is very quick. Roll 2 Saving Throws instead of 1 while in combat with her. Roll a D20 to dodge. If the dodge roll is over 10, you evaded her first attack. Engage in combat with the sorceress. If the dodge roll is at most 10, she manages to land her attack on you. Roll a Saving Throw. If you do not faint, engage in combat with the sorceress. If you defeat the sorceress in combat, draw 2 cards from the Greater Loot pile.');
INSERT INTO events (event_id, ds_prompt, is_card, prompt) VALUES (94, NULL, FALSE, 'The sorceress has 10 hit-points and is very quick. Roll 2 Saving Throws instead of 1 while in combat with her. Roll a D20 to block. If the block roll is over 10, your weapon protects you from her spell. Engage in combat with the sorceress. If the block roll is at most 10, she casts a spell that destroys your equipped weapon. Discard your equipped weapon. Engage in combat with the sorceress. If you defeat the sorceress in combat, draw 2 cards from the Greater Loot pile.');
INSERT INTO events (event_id, ds_prompt, is_card, prompt) VALUES (95, NULL, FALSE, 'She casts a spell that strikes you like lightning. Roll a Saving Throw.•');
INSERT INTO events (event_id, ds_prompt, is_card, prompt) VALUES (96, NULL, FALSE, 'You count 10 steps away from the sorceress. If you do not have a card titled "Magic Staff," she barrages you with spells. Roll a Saving Throw. If you have a card titled "Magic Staff," equip it now.');
INSERT INTO events (event_id, ds_prompt, is_card, prompt) VALUES (97, NULL, FALSE, 'If you have a card with the word "Arrow" in the title, discard that card to shoot her down before she can cast a spell. Draw 2 cards from the Greater Loot pile. If you do not have a card with the word "Arrow" in the title, you cannot shoot her. Her spell strikes you down. Roll a Saving Throw.');
INSERT INTO events (event_id, ds_prompt, is_card, prompt) VALUES (98, NULL, FALSE, 'The sorceress has 10 hit-points and is very quick. Roll 2 Saving Throws instead of 1 while in combat with her. Roll a D20 to dodge. If the dodge roll is over 10, you evade her assault. Engage in combat with the sorceress. If the dodge roll is at most 10, she manages to land her attack on you. Roll a Saving Throw. If you do not faint, engage in combat with the sorceress. If you defeat the sorceress in combat, draw 2 cards from the Greater Loot pile.');
INSERT INTO events (event_id, ds_prompt, is_card, prompt) VALUES (99, NULL, FALSE, 'The sorceress has 10 hit-points and is very quick. Roll 2 Saving Throws instead of 1 while in combat with her. If you have any card with the word "Magic" in the title, you cast a spell! Subtract the value of your Damage Tracker from the sorceress''s hit-points. If her hit-points are at most 0, you decimated the sorceress! Draw 2 cards from the Greater Loot pile. If her hit-points are over 0, then engage in combat with her. If you do not have any card with the word "Magic" in the title, your flailing does nothing. Her spell runs you down! Roll a Saving Throw. If you do not faint, engage in combat with the sorceress. If you defeat the sorceress in combat, search the Greater Loot pile for a card titled, "Element Capture Box," and take it with you.');
INSERT INTO events (event_id, ds_prompt, is_card, prompt) VALUES (100, NULL, FALSE, 'Before she casts a spell that would absolutely annihilate you, she sees that you are only holding a bow. She cancels the duel and tells you not to duel a sorceress if you are not prepared. She says, "Tim would never shut up if I struck you down."');
INSERT INTO events (event_id, ds_prompt, is_card, prompt) VALUES (101, NULL, FALSE, 'You count 10 steps away from the sorceress. If you do not have a card titled "Bow," she wipes you out. Roll a Saving Throw. If you have a card titled "Bow," equip it now.');
INSERT INTO events (event_id, ds_prompt, is_card, prompt) VALUES (102, NULL, FALSE, '"I see you are trying to get to the dragon. You will only end up running away if you don''t get the appropriate weapon. There is a lot of danger right now. Hopefully this helps you while you acquire a weapon. Good luck." Search the Greater Loot pile for a card titled, "Element Capture Box," and take it with you.');
INSERT INTO events (event_id, ds_prompt, is_card, prompt) VALUES (103, NULL, FALSE, '"I can''t fight the dragon, but you will need all the help you can get. Take this. " Search the Greater Loot pile for a card titled, "Element Capture Box," and take it with you.');
INSERT INTO events (event_id, ds_prompt, is_card, prompt) VALUES (104, NULL, FALSE, 'Move your Progress Tracker down by 1. She casts a spell that turns you into a chicken.Skip your next turn.');
INSERT INTO events (event_id, ds_prompt, is_card, prompt) VALUES (105, NULL, FALSE, '"For what reason do you wish to stop the duel?"');
INSERT INTO events (event_id, ds_prompt, is_card, prompt) VALUES (106, NULL, FALSE, 'You stand back to back with the sorceress. She says, "Tim does not know what he is talking about."');
INSERT INTO events (event_id, ds_prompt, is_card, prompt) VALUES (107, NULL, TRUE, 'A sorceress stops you to challenge you to a duel.');
INSERT INTO events (event_id, ds_prompt, is_card, prompt) VALUES (108, NULL, FALSE, 'Move your Progress Tracker down by 1. You are unable to outrun a mountain lion. Roll a Saving Throw.');
INSERT INTO events (event_id, ds_prompt, is_card, prompt) VALUES (109, NULL, FALSE, 'A mountain lion has 4 hit-points and is very quick. Roll 2 Saving Throws instead of 1 while in combat with the mountain lion. Engage in combat with the mountain lion. If you defeat the mountain lion in combat, draw a card from the Lesser Loot pile.');
INSERT INTO events (event_id, ds_prompt, is_card, prompt) VALUES (110, NULL, FALSE, 'You stare the mountain lion down. The mountain lion runs off into the brush. Move your Progress Tracker up by 2.');
INSERT INTO events (event_id, ds_prompt, is_card, prompt) VALUES (111, NULL, FALSE, 'This feral cat has no interest being your pet. It pounces on you. Roll a Saving Throw.•');
INSERT INTO events (event_id, ds_prompt, is_card, prompt) VALUES (112, NULL, TRUE, 'You feel as though you are being watched. You spot a mountain lion stalking you.');
INSERT INTO events (event_id, ds_prompt, is_card, prompt) VALUES (114, NULL, FALSE, 'Subtract the value of your Damage Tracker from the dragon’s hit-points. If the dragon’s hit-points are over 0, then roll a Saving Throw. If the dragon''s hit-points are at most 0, you win the game.');
INSERT INTO events (event_id, ds_prompt, is_card, prompt) VALUES (115, NULL, FALSE, 'The dragon is unimpressed. It spins and slams you with its tail. You go flying through a building that collapses on you. Move the Buildings Remaining Tracker down by 1. Roll a Saving Throw.');
INSERT INTO events (event_id, ds_prompt, is_card, prompt) VALUES (116, NULL, FALSE, 'This is not some children''s movie. The dragon crushes you. Roll a Saving Throw.•');
INSERT INTO events (event_id, ds_prompt, is_card, prompt) VALUES (117, NULL, TRUE, 'The dragon slams down before you with a rumble. It is ready to attack.');
INSERT INTO events (event_id, ds_prompt, is_card, prompt) VALUES (118, NULL, FALSE, 'Search the Greater Loot pile for a card titled, "Pendant of Power," and take it with you.');
INSERT INTO events (event_id, ds_prompt, is_card, prompt) VALUES (119, NULL, FALSE, 'Move your Progress Tracker up by 1.');
INSERT INTO events (event_id, ds_prompt, is_card, prompt) VALUES (120, NULL, TRUE, 'A woman runs into you. She stares into your eyes and puts a pendant in your hands. A man, wearing a cloak, calls to her. What are you doing, Zona? We have to go!');
INSERT INTO events (event_id, ds_prompt, is_card, prompt) VALUES (121, NULL, FALSE, 'If the weapon is a sword, search the Lesser Loot pile for a card titled, "Sword." If the weapon is a halbert, search the Greater Loot pile for a card titled, "Halbert." If the weapon is a battleaxe, search the Greater Loot pile for a card titled, "Battleaxe."');
INSERT INTO events (event_id, ds_prompt, is_card, prompt) VALUES (123, NULL, FALSE, 'Roll a D20 for a chance. If the chance roll is at most 7, the weapon is a sword. If the chance roll is over 7 and at most 14, the weapon is a halbert. If the chance roll is over 14, the weapon is a battleaxe.');
INSERT INTO events (event_id, ds_prompt, is_card, prompt) VALUES (124, NULL, FALSE, 'Roll a D20 for a chance. If the chance roll is at most 7, search the Lesser Loot pile for a card titled, "Sword." If the chance roll is over 7 and at most 14, search the Greater Loot pile for a card titled, "Halbert." If the chance roll is over 14, search the Greater Loot pile for a card titled, "Battleaxe."');
INSERT INTO events (event_id, ds_prompt, is_card, prompt) VALUES (126, NULL, TRUE, 'You notice a weapon laying under an armored corpse.');
INSERT INTO events (event_id, ds_prompt, is_card, prompt) VALUES (132, NULL, TRUE, 'You find a weapon gleaming at the blacksmith.');
INSERT INTO events (event_id, ds_prompt, is_card, prompt) VALUES (133, NULL, FALSE, 'If the tome is about martial arts, search the Greater Loot pile for a card titled, "Xiaolin Martial Arts," and take it with you. If the tome is about war, search the Greater Loot pile for a card titled, "Art of War," and take it with you. If the tome is about magic, search the Greater Loot pile for a card titled, "Encyclopedia Magica," and take it with you.');
INSERT INTO events (event_id, ds_prompt, is_card, prompt) VALUES (135, NULL, FALSE, 'Roll a D20 for a chance. If the chance roll is at most 7, the tome is about martial arts. If the chance roll is over 7 and at most 14, the tome is about war. If the chance roll is over 14, the tome is about magic.');
INSERT INTO events (event_id, ds_prompt, is_card, prompt) VALUES (136, NULL, FALSE, 'Roll a D20 for a chance. If the chance roll is at most 7, search the Greater Loot pile for a card titled, "Xiaolin Martial Arts," and take it with you. If the chance roll is over 7 and at most 14, search the Greater Loot pile for a card titled, "Art of War," and take it with you. If the chance roll is over 14, search the Greater Loot pile for a card titled, "Encyclopedia Magica," and take it with you.');
INSERT INTO events (event_id, ds_prompt, is_card, prompt) VALUES (138, NULL, TRUE, 'A tome whips by your head as you pass an exploding building.');
INSERT INTO events (event_id, ds_prompt, is_card, prompt) VALUES (139, NULL, FALSE, 'If the book is about magic, search the Greater Loot pile for a card titled, "Encyclopedia Magica," and take it with you. If the book is about martial arts, search the Greater Loot pile for a card titled, "Xiaolin Martial Arts," and take it with you. If the book is about war, search the Greater Loot pile for a card titled, "Art of War," and take it with you.');
INSERT INTO events (event_id, ds_prompt, is_card, prompt) VALUES (141, NULL, FALSE, 'Roll a D20 for a chance. If the chance roll is at most 7, the tome is about magic. If the chance roll is over 7 and at most 14, the tome is about martial arts. If the chance roll is over 14, the tome is about war.');
INSERT INTO events (event_id, ds_prompt, is_card, prompt) VALUES (142, NULL, FALSE, 'Roll a D20 for a chance. If the chance roll is at most 7, search the Greater Loot pile for a card titled, "Encyclopedia Magica," and take it with you. If the chance roll is over 7 and at most 14, search the Greater Loot pile for a card titled, "Xiaolin Martial Arts," and take it with you. If the chance roll is over 14, search the Greater Loot pile for a card titled, "Art of War," and take it with you.');
INSERT INTO events (event_id, ds_prompt, is_card, prompt) VALUES (144, NULL, TRUE, 'You notice a book floating.');
INSERT INTO events (event_id, ds_prompt, is_card, prompt) VALUES (145, NULL, FALSE, 'Search the Lesser Loot pile for a card titled, "Bucket." Search the Lesser Loot pile for a card titled, "Rocks," and take it with you. If you cannot find a card titled, "Rocks," I guess the bucket was not actually full of rocks. Do not draw a card from the Lesser Loot pile.');
INSERT INTO events (event_id, ds_prompt, is_card, prompt) VALUES (146, NULL, FALSE, 'Search the Lesser Loot pile for a card titled, "Hoe."');
INSERT INTO events (event_id, ds_prompt, is_card, prompt) VALUES (147, NULL, FALSE, 'Search the Lesser Loot pile for a card titled, "Scythe."');
INSERT INTO events (event_id, ds_prompt, is_card, prompt) VALUES (149, NULL, FALSE, 'Upon inspection, you notice a bucket, hoe and scythe.');
INSERT INTO events (event_id, ds_prompt, is_card, prompt) VALUES (151, NULL, TRUE, 'You come across a small barn. It may have something useful as a weapon.');
INSERT INTO events (event_id, ds_prompt, is_card, prompt) VALUES (152, NULL, FALSE, 'If the weapon is a magic staff, search the Greater Loot pile for a card titled, "Magic Staff." If the weapon is a polearm, search the Greater Loot pile for a card titled, "Xiaolin Staff."');
INSERT INTO events (event_id, ds_prompt, is_card, prompt) VALUES (154, NULL, FALSE, 'Roll a D20 for a chance. If the chance roll is at most 5, the weapon is a magic staff. If the chance roll is over 5, the weapon is a polearm.');
INSERT INTO events (event_id, ds_prompt, is_card, prompt) VALUES (155, NULL, FALSE, 'Roll a D20 for a chance. If the chance roll is at most 5, search the Greater Loot pile for a card titled, "Magic Staff." If the chance roll is over 5, search the Greater Loot pile for a card titled, "Xiaolin Staff."');
INSERT INTO events (event_id, ds_prompt, is_card, prompt) VALUES (157, NULL, TRUE, 'An elegantly designed pole lands, stabbing into the dirt, in front of you.');
INSERT INTO events (event_id, ds_prompt, is_card, prompt) VALUES (158, NULL, FALSE, 'The elf has 20 hit-points and is very slow. Subtract the value of your Damage Tracker from her hit-points twice before rolling a Saving Throw in combat with her. Engage in combat with the elf. If you defeat the elf in combat, draw a card from the Greater Loot pile.');
INSERT INTO events (event_id, ds_prompt, is_card, prompt) VALUES (160, NULL, FALSE, 'Roll a D20 to attempt. If the attempt roll is more than 10, you grab the book without her noticing. If the book is about martial arts, search the Greater Loot pile for a card titled, "Xiaolin Martial Arts," and take it with you. If the book is about war, search the Greater Loot pile for a card titled, "Art of War," and take it with you. If the book is about magic, search the Greater Loot pile for a card titled, "Encyclopedia Magica," and take it with you. If the attempt roll is no greater than 10, the elf strikes you down. Roll a Savng Throw.');
INSERT INTO events (event_id, ds_prompt, is_card, prompt) VALUES (161, NULL, FALSE, 'The elf attempts to pin you down. Roll a D20 to escape. If the escape roll is over 5, you avoid being pinned and keep going. Move your Progress Tracker up by 2. If the escape roll is at most 5, you are pinned to the ground and cannot progress this turn.');
INSERT INTO events (event_id, ds_prompt, is_card, prompt) VALUES (162, NULL, FALSE, 'Roll a D20 for a chance. If the chance roll is at most 7, the tome is about martial arts. If the chance roll is over 7 and at most 14, the tome is about war. If the chance roll is over 14, the tome is about magic.');
INSERT INTO events (event_id, ds_prompt, is_card, prompt) VALUES (163, NULL, FALSE, 'Roll a D20 to attempt. If the attempt roll is more than 10, you grab the book without her noticing. Roll a D20 for a chance. If the chance roll is at most 7, search the Greater Loot pile for a card titled, "Xiaolin Martial Arts," and take it with you. If the chance roll is over 7 and at most 14, search the Greater Loot pile for a card titled, "Art of War," and take it with you. If the chance roll is over 14, search the Greater Loot pile for a card titled, "Encyclopedia Magica," and take it with you. If the attempt roll is no greater than 10, the elf strikes you down. Roll a Savng Throw.');
INSERT INTO events (event_id, ds_prompt, is_card, prompt) VALUES (164, NULL, FALSE, 'The elf attempts to pin you down. Roll a D20 to escape. If the escape roll is over 5, you avoid being pinned and keep going. Move your Progress Tracker up by 2. If the escape roll is at most 5, you are pinned to the ground and cannot progress.');
INSERT INTO events (event_id, ds_prompt, is_card, prompt) VALUES (165, NULL, TRUE, 'An elf stands before you carrying a book with her. She challenges you to a duel.');
INSERT INTO events (event_id, ds_prompt, is_card, prompt) VALUES (166, NULL, FALSE, 'Draw a card from the Greater Loot pile and take it with you.');
INSERT INTO events (event_id, ds_prompt, is_card, prompt) VALUES (168, NULL, FALSE, 'It is bright. You can not quite see what it is, but it must be powerful.');
INSERT INTO events (event_id, ds_prompt, is_card, prompt) VALUES (170, NULL, FALSE, 'Your attack against the pumpkin destroys whatever was in it. Move your Progress Tracker up by 1.');
INSERT INTO events (event_id, ds_prompt, is_card, prompt) VALUES (172, NULL, TRUE, 'A huge carved pumpkin rolls towards you. The carvings are glowing.');
INSERT INTO events (event_id, ds_prompt, is_card, prompt) VALUES (173, NULL, FALSE, 'Now there is spider guts on it. Ew.Draw a card from the Lesser Loot pile and take it with you.');
INSERT INTO events (event_id, ds_prompt, is_card, prompt) VALUES (174, NULL, FALSE, 'It gently escapes from you.Draw a card from the Greater Loot pile and take it with you.');
INSERT INTO events (event_id, ds_prompt, is_card, prompt) VALUES (175, NULL, FALSE, 'That tiny spider almost got you! Move your Progress Tracker down by 1.');
INSERT INTO events (event_id, ds_prompt, is_card, prompt) VALUES (177, NULL, TRUE, 'There is something potentially helpful hidden behind a creepy spider.');
INSERT INTO events (event_id, ds_prompt, is_card, prompt) VALUES (178, NULL, FALSE, '"Mm. No. I already calculated that possibility. That is not it- Wait! Where is my daughter?!" Move your Progress Tracker up by 1.');
INSERT INTO events (event_id, ds_prompt, is_card, prompt) VALUES (179, NULL, FALSE, '"Eureka! You are right! The town hall! I have to go. Take this!" The man happily gives you something. Draw a card from the Greater Loot pile.');
INSERT INTO events (event_id, ds_prompt, is_card, prompt) VALUES (180, NULL, FALSE, '"Interesting guess. Stick to fighting animals. Have you seen my daughter?" Move your Progress Tracker up by 1.');
INSERT INTO events (event_id, ds_prompt, is_card, prompt) VALUES (181, NULL, FALSE, 'He seems startled and starts looking around. "Theodora?" Move your Progress Tracker up by 2.');
INSERT INTO events (event_id, ds_prompt, is_card, prompt) VALUES (182, NULL, TRUE, 'A man frantically emerges from a building. This makes no sense! It took 1 artifact worth 30 coins, then 2 artifacts worth 40 coins. It took 4 artifacts worth 60 coins from the last town! What does it want here?!');
INSERT INTO events (event_id, ds_prompt, is_card, prompt) VALUES (183, NULL, FALSE, 'She says, "It will be heroic, but I see a fiery demise for you."Move your Progress Tracker up by 1.');
INSERT INTO events (event_id, ds_prompt, is_card, prompt) VALUES (185, NULL, FALSE, 'She smacks you in the face with her stick. Roll a D20 to stay conscious. If the roll to stay conscious is over 5, you manage to shake it off. If the roll to stay conscious is at most 5, roll a Saving Throw.');
INSERT INTO events (event_id, ds_prompt, is_card, prompt) VALUES (186, NULL, TRUE, 'You notice a gypsy sitting in the back of a wagon. She says, I see something peculiar in your future.');
INSERT INTO events (event_id, ds_prompt, is_card, prompt) VALUES (187, NULL, FALSE, 'As you leave, you hear him say, "You aren''t helping either." Move your Progress Tracker up by 2.');
INSERT INTO events (event_id, ds_prompt, is_card, prompt) VALUES (188, NULL, FALSE, 'He takes his fingers off his head and says, "My wife keeps challenging adventurers to duels." He puts his fingers back on his head and looks away as he shouts, "And Lucius is shooting lightning at them for her!" Move your Progress Tracker up by 1.');
INSERT INTO events (event_id, ds_prompt, is_card, prompt) VALUES (189, NULL, FALSE, 'He takes his fingers off his head and says, "No?" Move your Progress Tracker up by 1.');
INSERT INTO events (event_id, ds_prompt, is_card, prompt) VALUES (190, NULL, FALSE, 'In a blast of magic, you are propelled away from the man. "Get away from me! They will judge you!"');
INSERT INTO events (event_id, ds_prompt, is_card, prompt) VALUES (191, NULL, TRUE, 'I am telling you, Lucius: Glinda is not helping! You overhear a man speaking to himself with his index and middle finger on his temple.');
INSERT INTO events (event_id, ds_prompt, is_card, prompt) VALUES (192, NULL, FALSE, 'You slipped away. Move your Progress Tracker down by 1.');
INSERT INTO events (event_id, ds_prompt, is_card, prompt) VALUES (193, NULL, FALSE, 'The 2 hobbes have 7 hit-points combined. Roll 2 Saving Throws instead of 1 if they have more than 4 hit-points while in combat with them. Engage in combat with the 2 hobbes. If you defeat the 2 hobbes in combat, draw 2 cards from the Lesser Loot pile.');
INSERT INTO events (event_id, ds_prompt, is_card, prompt) VALUES (194, NULL, FALSE, 'Discard a card you have. Move your Progress Tracker up by 2.');
INSERT INTO events (event_id, ds_prompt, is_card, prompt) VALUES (197, NULL, FALSE, 'The 2 hobbes will take anything you have. (You will have to choose a card you have to discard.)');
INSERT INTO events (event_id, ds_prompt, is_card, prompt) VALUES (198, NULL, TRUE, 'Two hobbes catch you traveling through the forest.');
INSERT INTO events (event_id, ds_prompt, is_card, prompt) VALUES (199, NULL, FALSE, 'The page ignites and burns to dust. An anvil is falling on you. Roll a D20 to dodge. If the dodge roll is over 10, you dodged it! Move your Progress Tracker up by 2. If the dodge roll is at most 10, you are crushed by the anvil. Roll a Saving Throw.');
INSERT INTO events (event_id, ds_prompt, is_card, prompt) VALUES (200, NULL, FALSE, 'The page ignites and burns to dust. Something is conjured half in the ground in front of you. If your Damage Tracker is over 7, you pull it out of the ground. Draw a card from the Greater Loot pile. If your Damage Tracker is at most 7, you do not have the strength to pull it out of the ground.');
INSERT INTO events (event_id, ds_prompt, is_card, prompt) VALUES (201, NULL, FALSE, 'Something is glowing as it is made manifest. It hovers waiting for you to grab it. Draw a card from the Greater Loot pile.');
INSERT INTO events (event_id, ds_prompt, is_card, prompt) VALUES (203, 'Grant my wish', TRUE, 'A person, wearing a scale-thread cloak, runs past you dropping a flurry of papers. Most of the papers are ruined in the mud except for one that so easily lands in your hands. You hear a woman shout to the cloaked individual, Let''s go, Arthur!');
INSERT INTO events (event_id, ds_prompt, is_card, prompt) VALUES (204, NULL, FALSE, 'Roll a D20 to try. If the try roll is over 10, you go with the knights for a time. Move your Progress Tracker up by 3. If the try roll is over 5 and at most 10, you did not manage to stay on for long. Move your Progress Tracker up by 1. If the try roll is at most 5, you accidentally pull the knight off his horse. He rolls to his feet prepared to attack. The other knights come back to overpower you. Roll a Saving Throw.');
INSERT INTO events (event_id, ds_prompt, is_card, prompt) VALUES (205, NULL, FALSE, 'Your attack manages to knock one of the knights down. The other knights came back around to completely overpower you. Roll a Saving Throw.•');
INSERT INTO events (event_id, ds_prompt, is_card, prompt) VALUES (206, NULL, FALSE, 'The knights rush by you. Move your Progress Tracker up by 2.');
INSERT INTO events (event_id, ds_prompt, is_card, prompt) VALUES (207, NULL, TRUE, 'A group of knights are charging in the direction you are going!');
INSERT INTO events (event_id, ds_prompt, is_card, prompt) VALUES (208, NULL, FALSE, 'Roll a D20 to catch. If the catch roll is over 7, you caught it perfectly. Move your Progress Tracker up by 1. Search the Greater Loot pile for a card titled, "Shield," and take it with you. If the catch roll is at most 7, the shield slips through you hands and dings you in the head. Roll a Saving Throw.');
INSERT INTO events (event_id, ds_prompt, is_card, prompt) VALUES (209, NULL, FALSE, 'Roll a D20 to dodge. If the dodge roll is over 10, you just barely avoid being hit. Search the Greater Loot pile for a card titled, "Shield," and take it with you. If the dodge roll is at most 10, the shield bashes you in the head. Roll a Saving Throw.');
INSERT INTO events (event_id, ds_prompt, is_card, prompt) VALUES (211, NULL, TRUE, 'A man runs out of the blacksmith calling to you, Catch! A shield is flying at you.');
INSERT INTO events (event_id, ds_prompt, is_card, prompt) VALUES (212, NULL, FALSE, 'Roll a D20 to dodge. If the dodge roll is over 10, the arrow flies a distance behind you. It could hit someone else! If another player is nearby, they must roll a Saving Throw. If more than one player is nearby, all nearby players must roll a D20 for a chance. The player with the lowest chance roll must roll a Saving Throw. The archer retreats into a burning building. Move your Progress Tracker up by 2. If the dodge roll is at most 10, the arrow sinks deep into you. Roll a Saving Throw.');
INSERT INTO events (event_id, ds_prompt, is_card, prompt) VALUES (214, NULL, FALSE, 'If you have a card titled "Arrow," and a weapon titled "Bow," equip the weapon now. You may discard the arrow to shoot at the archer. Roll a D20 to shoot. If the shoot roll is over 10, you shot the archer down. Search the Lesser Loot pile for 2 cards titled, "Arrow," and take them with you. If the shoot roll is 10, your arrows crash into each other exploding into splinters. The archer retreats into a burning building. Move your Progress Tracker up by 2. If the shoot roll is at most 9, you missed and he shot you. Roll a Saving Throw. If you do not have a card titled "Arrow," and a weapon titled "Bow," the archer manages to sink an arrow into you. Roll a Saving Throw.');
INSERT INTO events (event_id, ds_prompt, is_card, prompt) VALUES (215, NULL, TRUE, 'An arrow lands in the dirt at your feet. Looking at where it came from, a man is preparing to shoot another arrow in your direction. Search the Lesser Loot pile for a card titled, Arrow, and take it with you.');
INSERT INTO events (event_id, ds_prompt, is_card, prompt) VALUES (217, NULL, FALSE, 'You reach out and grab a man by his shirt collar. He is under an invisible cloak. Roll a D20 to reveal him. If the reveal roll is over 13, search the Lesser Loot pile for a card titled, "Invisithreaded Cloak," and take it with you. If the reveal roll is at most 13, he covers your head with fabric to pummel you before escaping. Roll a Saving Throw.');
INSERT INTO events (event_id, ds_prompt, is_card, prompt) VALUES (218, NULL, FALSE, 'You say, "You there! Please wait!" and the footprints stop. A man reveals himself from under an invisble cloak. You converse with him and he decides to help you. He gives you his cloak and a glass bottle. He explains how they work to you and runs off. Search the Lesser Loot pile for a card titled, "Invisithreaded Cloak," and take it with you. Search the Greater Loot pile for a card titled, "Invisibility Dye," and take it with you.');
INSERT INTO events (event_id, ds_prompt, is_card, prompt) VALUES (219, NULL, TRUE, 'You hear heavy breathing and see footprints being made running away. An invisible person?');
INSERT INTO events (event_id, ds_prompt, is_card, prompt) VALUES (221, NULL, FALSE, 'The 2 men have 16 hit-points combined. Roll 2 Saving Throws instead of 1 if they have more than 8 hit-points while in combat with them. Engage in combat with the 2 men. If you defeat the 2 men in combat, search the Greater Loot pile for 2 cards titled, "Soul Resonator," and take them with you.');
INSERT INTO events (event_id, ds_prompt, is_card, prompt) VALUES (222, NULL, FALSE, 'One man has 8 hit-points. The other man runs into the church shouting, "The dragon is not the only one that seeks to send you from this realm." Engage in combat with the man. If you defeat the man in combat, search the Greater Loot pile for a card titled, "Soul Resonator," and take it with you.');
INSERT INTO events (event_id, ds_prompt, is_card, prompt) VALUES (223, NULL, FALSE, 'If you have any cards with the word "Magic" in the title, you begin channeling a spell. The spell you are channeling is more powerful if you have a card titled, "Pendant of Power." Move your Progress Tracker up by 4. If you do not have a card titled, "Pendant of Power," move your Progress Tracker up by 2 instead. If you do not have any cards with the word "Magic" in the title, the 2 men beat you vigorously. Roll a Saving Throw.');
INSERT INTO events (event_id, ds_prompt, is_card, prompt) VALUES (224, NULL, TRUE, 'You are knocked to the ground.A couple men of the church are attacking you.');
INSERT INTO events (event_id, ds_prompt, is_card, prompt) VALUES (225, NULL, FALSE, 'If you have a card with the word "Water" in the title, you may discard it and draw a card from the Greater Loot pile. If you do not have a card with the word "Water" in the title, roll a D20 to attempt. If the attempt roll is over 5, draw a card from the Lesser Loot pile. If the attempt roll is no more than 5, the empowered imp pulverizes you. Roll a Saving Throw.');
INSERT INTO events (event_id, ds_prompt, is_card, prompt) VALUES (227, NULL, FALSE, 'An empowered imp has 10 hit-points. Engage in combat with the empowered imp. Draw a card from the Greater Loot pile if you defeat the empowered imp in combat.');
INSERT INTO events (event_id, ds_prompt, is_card, prompt) VALUES (228, NULL, FALSE, 'The empowered imp pulverizes you. Roll a Saving Throw.•');
INSERT INTO events (event_id, ds_prompt, is_card, prompt) VALUES (229, NULL, FALSE, 'Its spell misses you and hits a fiery imp behind you. The imp grows twice as big. Greater Elemental: Empowered Imp.');
INSERT INTO events (event_id, ds_prompt, is_card, prompt) VALUES (230, NULL, FALSE, 'In the tussle, the unicorn''s spell rebounds and hurts you. Roll a Saving Throw.•');
INSERT INTO events (event_id, ds_prompt, is_card, prompt) VALUES (231, NULL, FALSE, 'The unicorn conjured something for you! Draw a card from the Greater Loot pile.');
INSERT INTO events (event_id, ds_prompt, is_card, prompt) VALUES (232, NULL, FALSE, 'You successfully cast a spell to capture the unicorn if you have any cards with the word "Magic" in the title. Search the Greater Loot pile for a card titled, "Magic Unicorn," and take it with you. If you do not have any cards with the word "Magic" in the title, the unicorn successfully casts a spell at you. The unicorn conjured something for you! Draw a card from the Greater Loot pile.');
INSERT INTO events (event_id, ds_prompt, is_card, prompt) VALUES (233, NULL, TRUE, 'You notice a unicorn is casting a spell at you. Pink lightning fizzles from its horn.');
INSERT INTO events (event_id, ds_prompt, is_card, prompt) VALUES (234, NULL, FALSE, 'Search the Lesser Loot pile for a card titled, "Stick," and take it with you.');
INSERT INTO events (event_id, ds_prompt, is_card, prompt) VALUES (236, NULL, FALSE, 'It looks like a branch. You could probably give the dragon a concussion if you swung it fast enough.');
INSERT INTO events (event_id, ds_prompt, is_card, prompt) VALUES (237, NULL, FALSE, 'Search the Lesser Loot pile for a card titled, "Stick," and take it with you. Move your Progress Tracker up by 1.');
INSERT INTO events (event_id, ds_prompt, is_card, prompt) VALUES (239, NULL, TRUE, 'You see a hefty stick leaning against a fence.');
INSERT INTO events (event_id, ds_prompt, is_card, prompt) VALUES (240, NULL, FALSE, 'Discard a Greater Loot card you have. Choose: Draw a card from the Greater Loot pile, or draw 2 cards from the Lesser Loot pile.');
INSERT INTO events (event_id, ds_prompt, is_card, prompt) VALUES (241, NULL, FALSE, 'Discard a Lesser Loot card you have. Draw a card from the Lesser Loot pile.');
INSERT INTO events (event_id, ds_prompt, is_card, prompt) VALUES (242, NULL, FALSE, 'Discard 2 Lesser Loot cards you have. Choose: Draw a card from the Greater Loot pile, or draw 2 cards from the Lesser Loot pile.');
INSERT INTO events (event_id, ds_prompt, is_card, prompt) VALUES (244, NULL, TRUE, 'You run into a merchant. The merchant says, Do you have anything to trade with me?');
INSERT INTO events (event_id, ds_prompt, is_card, prompt) VALUES (245, NULL, FALSE, 'You escaped its honk! Move your Progress Tracker down by 1.');
INSERT INTO events (event_id, ds_prompt, is_card, prompt) VALUES (246, NULL, FALSE, 'The goose steals something from you and gets away. Discard a card randomly.');
INSERT INTO events (event_id, ds_prompt, is_card, prompt) VALUES (249, NULL, TRUE, 'A goose honks at you.');
INSERT INTO events (event_id, ds_prompt, is_card, prompt) VALUES (250, NULL, FALSE, 'The goose honks at you. Move your Progress Tracker up by 2.');
INSERT INTO events (event_id, ds_prompt, is_card, prompt) VALUES (251, NULL, TRUE, 'You run into a goose.');
INSERT INTO events (event_id, ds_prompt, is_card, prompt) VALUES (252, NULL, FALSE, 'If the weapon is a magic wand, search the Greater Loot pile for a card titled, "Magic Wand." If the weapon is a bow, search the Greater Loot pile for a card titled, "Bow."');
INSERT INTO events (event_id, ds_prompt, is_card, prompt) VALUES (254, NULL, FALSE, 'Roll a D20 for a chance. If the chance roll is at most 10, the weapon is a magic wand. If the chance roll is over 10, the weapon is a bow.');
INSERT INTO events (event_id, ds_prompt, is_card, prompt) VALUES (255, NULL, FALSE, 'Roll a D20 for a chance. If the chance roll is at most 10, search the Greater Loot pile for a card titled, "Magic Wand." If the chance roll is over 10, search the Greater Loot pile for a card titled, "Bow."');
INSERT INTO events (event_id, ds_prompt, is_card, prompt) VALUES (257, NULL, TRUE, 'You witness a woman shot down by a blast of fire. Her weapon falls in front of you. Please take it. Save... The town... She faints.');
INSERT INTO events (event_id, ds_prompt, is_card, prompt) VALUES (262, NULL, TRUE, 'A man is pointing to three levers. Which one do you pull?');
INSERT INTO events (event_id, ds_prompt, is_card, prompt) VALUES (267, NULL, TRUE, 'A man is pointing to three levers. Which one do you pull?');
INSERT INTO events (event_id, ds_prompt, is_card, prompt) VALUES (268, NULL, FALSE, 'Search the Greater Loot pile for a card titled, "Bard''s Yute."');
INSERT INTO events (event_id, ds_prompt, is_card, prompt) VALUES (270, NULL, TRUE, 'You hear beautiful exciting music coming from a string instrument nearby. You witness the musician dancing around a group of creatures. The creatures seem to be defeated by his music! One after another drops, but he misses one big creature sneaking up behind him. The musician is destroyed by the creature and his instrument falls at your feet.');
INSERT INTO events (event_id, ds_prompt, is_card, prompt) VALUES (271, NULL, FALSE, 'If your equipped weapon has the word "Bucket" in the title, search the Lesser Loot pile for a card titled, "Water," and take it with you.');
INSERT INTO events (event_id, ds_prompt, is_card, prompt) VALUES (272, NULL, FALSE, 'If you have a card with the word "Coin" in the title, you may discard it at this time to draw a card from the Greater Loot pile. If you do not have a card with the word "Coin" in the title, you mimic that action of flipping a coin into the well. As you turn to move on, a merchant chuckles at you and gives you something trivial. Draw a card from the Lesser Loot pile.');
INSERT INTO events (event_id, ds_prompt, is_card, prompt) VALUES (274, NULL, FALSE, 'There is only water and coins in it.');
INSERT INTO events (event_id, ds_prompt, is_card, prompt) VALUES (278, NULL, TRUE, 'You notice a well.');
INSERT INTO events (event_id, ds_prompt, is_card, prompt) VALUES (279, NULL, FALSE, 'Search the Lesser Loot pile for a card titled, "Coin," and take it with you.');
INSERT INTO events (event_id, ds_prompt, is_card, prompt) VALUES (280, NULL, FALSE, 'Search the Lesser Loot pile for a card titled, "Invisithreaded Cloak," and take it with you.');
INSERT INTO events (event_id, ds_prompt, is_card, prompt) VALUES (281, NULL, FALSE, 'If your equipped weapon has the word "Bucket" in the title, search the Lesser Loot pile for a card titled, "Rocks," and take it with you.');
INSERT INTO events (event_id, ds_prompt, is_card, prompt) VALUES (283, NULL, FALSE, 'You see a coin, a cloak, and some rocks. ');
INSERT INTO events (event_id, ds_prompt, is_card, prompt) VALUES (284, NULL, FALSE, 'Draw a card from the Lesser Loot pile and move your Progress Tracker up by 1.');
INSERT INTO events (event_id, ds_prompt, is_card, prompt) VALUES (286, NULL, TRUE, 'You notice a pile of junk.');
INSERT INTO events (event_id, ds_prompt, is_card, prompt) VALUES (287, NULL, FALSE, 'The wolf-man tears you apart.Roll a Saving Throw.•');
INSERT INTO events (event_id, ds_prompt, is_card, prompt) VALUES (289, NULL, FALSE, 'The wolf-man has 6 hit-points. Engage in combat with the wolf-man. If you defeat him in combat, draw a card from the Greater Loot pile and take it with you.');
INSERT INTO events (event_id, ds_prompt, is_card, prompt) VALUES (290, NULL, TRUE, 'You hear a growl behind you. A wolf-man snarls at you. He is prepared to attack.');
INSERT INTO events (event_id, ds_prompt, is_card, prompt) VALUES (291, NULL, FALSE, 'The man says, "One dog has more tails?! Good grief."He walks away with his head hanging in disappointment.');
INSERT INTO events (event_id, ds_prompt, is_card, prompt) VALUES (292, NULL, FALSE, 'The man says, "No dog has more tails." He chuckles. That is correct, friend. Take this.Draw a card from the Greater Loot pile.');
INSERT INTO events (event_id, ds_prompt, is_card, prompt) VALUES (293, NULL, FALSE, 'The man clicks his tongue. He says, "No. That is not correct. You assume too much. No dog has more tails."Move your Progress Tracker up by 1.');
INSERT INTO events (event_id, ds_prompt, is_card, prompt) VALUES (294, NULL, FALSE, 'The man shakes his head. He says, "Do try next time. The shot never taken is sure to miss."He walks away putting his fingers on his temple. He says, "Lucious');
INSERT INTO events (event_id, ds_prompt, is_card, prompt) VALUES (295, NULL, TRUE, 'A man stops you and says, Excuse me, traveler, but you will need to have some good wits to defeat that beast. Answer this riddle: Which has more tails? One dog, no dog, or two dogs?');
INSERT INTO events (event_id, ds_prompt, is_card, prompt) VALUES (296, NULL, FALSE, 'The slip of paper sparks and explodes.Roll a Saving Throw.•');
INSERT INTO events (event_id, ds_prompt, is_card, prompt) VALUES (297, NULL, FALSE, 'The paper disappears.If you have a card titled, "Pendant of Power, the magic is more powerful." Move your Progress Tracker up by 6.If you do not have a card titled, "Pendant of Power," move your Progress Tracker up by 3 instead.');
INSERT INTO events (event_id, ds_prompt, is_card, prompt) VALUES (298, NULL, FALSE, 'The paper disappears.You begin to float a little and then nothing happens and you fall down.');
INSERT INTO events (event_id, ds_prompt, is_card, prompt) VALUES (299, NULL, FALSE, 'The paper glows and freezes you.Skip your next turn.');
INSERT INTO events (event_id, ds_prompt, is_card, prompt) VALUES (300, 'I am the clock', TRUE, 'A cloaked man hands you a slip of paper and says, This is the answer to a magic riddle: When I take five and add six, I get eleven, but when I take six and add seven, I get one. What am I?');
INSERT INTO events (event_id, ds_prompt, is_card, prompt) VALUES (301, NULL, FALSE, 'You and the paper are consumed in fire! It destroys the paper, but heals you.Move your Saving Throw Tracker to zero.');
INSERT INTO events (event_id, ds_prompt, is_card, prompt) VALUES (302, NULL, FALSE, 'The paper is consumed in fire, destroying it. The black smoke poofs in your face making you cough.Move your Progress Tracker up by 1.');
INSERT INTO events (event_id, ds_prompt, is_card, prompt) VALUES (303, NULL, FALSE, 'The paper sparks up and shoots out of your hand. It flies behind you and explodes blowing you into the air! Roll a Saving Throw. If you do not faint, move your Progress Tracker up by 3.');
INSERT INTO events (event_id, ds_prompt, is_card, prompt) VALUES (305, 'Healing fire', TRUE, 'You notice a paper glowing on the ground.You turn it over to see something written on it.');
INSERT INTO events (event_id, ds_prompt, is_card, prompt) VALUES (307, NULL, FALSE, 'Then we can begin with our story...');
INSERT INTO events (event_id, ds_prompt, is_card, prompt) VALUES (308, NULL, FALSE, 'Is there another player who has not told us where they are in the tavern?');
INSERT INTO events (event_id, ds_prompt, is_card, prompt) VALUES (309, NULL, FALSE, 'Where would we find you in the tavern at this time? Consider your current setting.');
INSERT INTO events (event_id, ds_prompt, is_card, prompt) VALUES (310, NULL, FALSE, 'Search the Lesser Loot pile for a card titled, "Tankard" and put it in your equip slot. Is there another player?');
INSERT INTO events (event_id, ds_prompt, is_card, prompt) VALUES (311, NULL, FALSE, 'Search the Lesser Loot pile for a card titled, "Knife" and put it in your equip slot. Is there another player?');
INSERT INTO events (event_id, ds_prompt, is_card, prompt) VALUES (312, NULL, FALSE, 'Search the Lesser Loot pile for a card titled, "Tome of Bludgeoning" and put it in your equip slot. Is there another player?');
INSERT INTO events (event_id, ds_prompt, is_card, prompt) VALUES (313, NULL, FALSE, 'Search the Lesser Loot pile for a card titled, "Bucket" and put it in your equip slot. Is there another player?');

INSERT INTO `options` (`option_id`, `label`, `result_id`) VALUES (1, 'I attempt to rob the merchant.', 1);
INSERT INTO `options` (`option_id`, `label`, `result_id`) VALUES (2, 'I offer my coin.', 2);
INSERT INTO `options` (`option_id`, `label`, `result_id`) VALUES (3, 'What can I get for no coin?', 3);
INSERT INTO `options` (`option_id`, `label`, `result_id`) VALUES (4, 'I ignore them.', 4);
INSERT INTO `options` (`option_id`, `label`, `result_id`) VALUES (5, 'I attempt to extinguish the imp.', 6);
INSERT INTO `options` (`option_id`, `label`, `result_id`) VALUES (6, 'I run with the girl.', 7);
INSERT INTO `options` (`option_id`, `label`, `result_id`) VALUES (7, 'I do nothing and keep moving.', 8);
INSERT INTO `options` (`option_id`, `label`, `result_id`) VALUES (8, 'I run away!', 10);
INSERT INTO `options` (`option_id`, `label`, `result_id`) VALUES (9, 'I try to fight it!', 11);
INSERT INTO `options` (`option_id`, `label`, `result_id`) VALUES (10, 'I try to intimidate it.', 12);
INSERT INTO `options` (`option_id`, `label`, `result_id`) VALUES (11, 'I try to pet it.', 13);
INSERT INTO `options` (`option_id`, `label`, `result_id`) VALUES (12, 'I run away!', 10);
INSERT INTO `options` (`option_id`, `label`, `result_id`) VALUES (13, 'I try to fight it!', 16);
INSERT INTO `options` (`option_id`, `label`, `result_id`) VALUES (14, 'I try to pet it.', 17);
INSERT INTO `options` (`option_id`, `label`, `result_id`) VALUES (15, 'I try to catch it!', 19);
INSERT INTO `options` (`option_id`, `label`, `result_id`) VALUES (16, 'I follow it!', 20);
INSERT INTO `options` (`option_id`, `label`, `result_id`) VALUES (17, 'I ignore it. ', 4);
INSERT INTO `options` (`option_id`, `label`, `result_id`) VALUES (18, 'I try to jump on it!', 23);
INSERT INTO `options` (`option_id`, `label`, `result_id`) VALUES (19, 'I try to fight it!', 24);
INSERT INTO `options` (`option_id`, `label`, `result_id`) VALUES (20, 'I do nothing.', 4);
INSERT INTO `options` (`option_id`, `label`, `result_id`) VALUES (21, 'I try to dodge him!', 27);
INSERT INTO `options` (`option_id`, `label`, `result_id`) VALUES (22, 'I try to stop him!', 28);
INSERT INTO `options` (`option_id`, `label`, `result_id`) VALUES (23, 'I do nothing.', 29);
INSERT INTO `options` (`option_id`, `label`, `result_id`) VALUES (24, 'I cast a spell!', 30);
INSERT INTO `options` (`option_id`, `label`, `result_id`) VALUES (25, 'I follow it.', 32);
INSERT INTO `options` (`option_id`, `label`, `result_id`) VALUES (26, 'I attempt to ignore it.', 33);
INSERT INTO `options` (`option_id`, `label`, `result_id`) VALUES (27, 'I try to fight it!', 34);
INSERT INTO `options` (`option_id`, `label`, `result_id`) VALUES (28, 'I try to counter it with a spell.', 35);
INSERT INTO `options` (`option_id`, `label`, `result_id`) VALUES (29, 'I poke it.', 37);
INSERT INTO `options` (`option_id`, `label`, `result_id`) VALUES (30, 'I go around it.', 38);
INSERT INTO `options` (`option_id`, `label`, `result_id`) VALUES (31, 'I try to fight it!', 39);
INSERT INTO `options` (`option_id`, `label`, `result_id`) VALUES (32, 'I run away!', 10);
INSERT INTO `options` (`option_id`, `label`, `result_id`) VALUES (33, 'I say, On dragon''s wing!', 42);
INSERT INTO `options` (`option_id`, `label`, `result_id`) VALUES (34, 'I say, At dragons ways!', 43);
INSERT INTO `options` (`option_id`, `label`, `result_id`) VALUES (35, 'I say, To dragon''s cave!', 44);
INSERT INTO `options` (`option_id`, `label`, `result_id`) VALUES (36, 'I say, By dragon swing!', 45);
INSERT INTO `options` (`option_id`, `label`, `result_id`) VALUES (37, 'I try to dodge it.', 47);
INSERT INTO `options` (`option_id`, `label`, `result_id`) VALUES (38, 'I run away!', 10);
INSERT INTO `options` (`option_id`, `label`, `result_id`) VALUES (39, 'I try to fight it!', 49);
INSERT INTO `options` (`option_id`, `label`, `result_id`) VALUES (40, 'I do nothing.', 50);
INSERT INTO `options` (`option_id`, `label`, `result_id`) VALUES (41, 'I run away!', 10);
INSERT INTO `options` (`option_id`, `label`, `result_id`) VALUES (42, 'I try to fight it!', 53);
INSERT INTO `options` (`option_id`, `label`, `result_id`) VALUES (43, 'I try to intimidate it.', 54);
INSERT INTO `options` (`option_id`, `label`, `result_id`) VALUES (44, 'I try to pet it.', 55);
INSERT INTO `options` (`option_id`, `label`, `result_id`) VALUES (45, 'I inspect it.', 57);
INSERT INTO `options` (`option_id`, `label`, `result_id`) VALUES (46, 'I go to pick it up.', 58);
INSERT INTO `options` (`option_id`, `label`, `result_id`) VALUES (47, 'I try to fight it!', 58);
INSERT INTO `options` (`option_id`, `label`, `result_id`) VALUES (48, 'I leave it.', 4);
INSERT INTO `options` (`option_id`, `label`, `result_id`) VALUES (49, 'I try to catch the flower.', 62);
INSERT INTO `options` (`option_id`, `label`, `result_id`) VALUES (50, 'I dodge and try to fight her!', 63);
INSERT INTO `options` (`option_id`, `label`, `result_id`) VALUES (51, 'I ignore her and keep going.', 64);
INSERT INTO `options` (`option_id`, `label`, `result_id`) VALUES (52, 'I run away!', 65);
INSERT INTO `options` (`option_id`, `label`, `result_id`) VALUES (53, 'I try to fight her!', 66);
INSERT INTO `options` (`option_id`, `label`, `result_id`) VALUES (54, 'I ask her for a lily.', 67);
INSERT INTO `options` (`option_id`, `label`, `result_id`) VALUES (55, 'I pull the first lever.', 69);
INSERT INTO `options` (`option_id`, `label`, `result_id`) VALUES (56, 'I pull the second lever.', 70);
INSERT INTO `options` (`option_id`, `label`, `result_id`) VALUES (57, 'I pull the third lever.', 71);
INSERT INTO `options` (`option_id`, `label`, `result_id`) VALUES (58, 'I pull none and keep moving.', 4);
INSERT INTO `options` (`option_id`, `label`, `result_id`) VALUES (59, 'I try to dodge it.', 74);
INSERT INTO `options` (`option_id`, `label`, `result_id`) VALUES (60, 'I go around it.', 75);
INSERT INTO `options` (`option_id`, `label`, `result_id`) VALUES (61, 'I try to fight it!', 76);
INSERT INTO `options` (`option_id`, `label`, `result_id`) VALUES (62, 'I run away!', 10);
INSERT INTO `options` (`option_id`, `label`, `result_id`) VALUES (63, 'I attempt to extinquish the hound.', 79);
INSERT INTO `options` (`option_id`, `label`, `result_id`) VALUES (64, 'I run away!', 10);
INSERT INTO `options` (`option_id`, `label`, `result_id`) VALUES (65, 'I try to fight it!', 81);
INSERT INTO `options` (`option_id`, `label`, `result_id`) VALUES (66, 'I do nothing.', 82);
INSERT INTO `options` (`option_id`, `label`, `result_id`) VALUES (67, 'I ignore her and keep going.', 84);
INSERT INTO `options` (`option_id`, `label`, `result_id`) VALUES (68, 'I run away!', 85);
INSERT INTO `options` (`option_id`, `label`, `result_id`) VALUES (69, 'I try to fight her!', 86);
INSERT INTO `options` (`option_id`, `label`, `result_id`) VALUES (70, 'Expelliarmus!', 87);
INSERT INTO `options` (`option_id`, `label`, `result_id`) VALUES (71, 'Fireball!', 88);
INSERT INTO `options` (`option_id`, `label`, `result_id`) VALUES (72, 'Energy Wave!', 89);
INSERT INTO `options` (`option_id`, `label`, `result_id`) VALUES (73, 'I''m rubber and you''re glue!', 90);
INSERT INTO `options` (`option_id`, `label`, `result_id`) VALUES (74, 'I will use my "Encyclopedia Magica."', 91);
INSERT INTO `options` (`option_id`, `label`, `result_id`) VALUES (75, 'I turn to attack her!', 92);
INSERT INTO `options` (`option_id`, `label`, `result_id`) VALUES (76, 'I prepare to dodge her attack.', 93);
INSERT INTO `options` (`option_id`, `label`, `result_id`) VALUES (77, 'I turn to block her spell.', 94);
INSERT INTO `options` (`option_id`, `label`, `result_id`) VALUES (78, 'I do nothing.', 95);
INSERT INTO `options` (`option_id`, `label`, `result_id`) VALUES (79, 'I will use my "Magic Staff."', 96);
INSERT INTO `options` (`option_id`, `label`, `result_id`) VALUES (80, 'I turn around and shoot her.', 97);
INSERT INTO `options` (`option_id`, `label`, `result_id`) VALUES (81, 'I prepare to dodge her attack.', 98);
INSERT INTO `options` (`option_id`, `label`, `result_id`) VALUES (82, 'I wave my bow at her frantically.', 99);
INSERT INTO `options` (`option_id`, `label`, `result_id`) VALUES (83, 'I do nothing.', 100);
INSERT INTO `options` (`option_id`, `label`, `result_id`) VALUES (84, 'I will use my "Bow."', 101);
INSERT INTO `options` (`option_id`, `label`, `result_id`) VALUES (85, 'I say I do not have the appropriate weapon.', 102);
INSERT INTO `options` (`option_id`, `label`, `result_id`) VALUES (86, 'I say we have to focus on the dragon.', 103);
INSERT INTO `options` (`option_id`, `label`, `result_id`) VALUES (87, 'I run away!', 104);
INSERT INTO `options` (`option_id`, `label`, `result_id`) VALUES (88, 'I say, "I made a mistake!"', 105);
INSERT INTO `options` (`option_id`, `label`, `result_id`) VALUES (89, 'I accept her challenge.', 106);
INSERT INTO `options` (`option_id`, `label`, `result_id`) VALUES (90, 'I run away!', 108);
INSERT INTO `options` (`option_id`, `label`, `result_id`) VALUES (91, 'I try to fight it!', 109);
INSERT INTO `options` (`option_id`, `label`, `result_id`) VALUES (92, 'I try to intimidate it.', 110);
INSERT INTO `options` (`option_id`, `label`, `result_id`) VALUES (93, 'I try to pet it.', 111);
INSERT INTO `options` (`option_id`, `label`, `result_id`) VALUES (94, 'I run away!', 10);
INSERT INTO `options` (`option_id`, `label`, `result_id`) VALUES (95, 'I try to fight it!', 114);
INSERT INTO `options` (`option_id`, `label`, `result_id`) VALUES (96, 'I try to intimidate it.', 115);
INSERT INTO `options` (`option_id`, `label`, `result_id`) VALUES (97, 'I try to pet it.', 116);
INSERT INTO `options` (`option_id`, `label`, `result_id`) VALUES (98, 'I take the pendant with me.', 118);
INSERT INTO `options` (`option_id`, `label`, `result_id`) VALUES (99, 'I leave the pendant.', 119);
INSERT INTO `options` (`option_id`, `label`, `result_id`) VALUES (100, 'I take the weapon.', 121);
INSERT INTO `options` (`option_id`, `label`, `result_id`) VALUES (101, 'I leave the weapon.', 119);
INSERT INTO `options` (`option_id`, `label`, `result_id`) VALUES (102, 'I inspect the weapon.', 123);
INSERT INTO `options` (`option_id`, `label`, `result_id`) VALUES (103, 'I take the weapon.', 124);
INSERT INTO `options` (`option_id`, `label`, `result_id`) VALUES (104, 'I leave the weapon.', 4);
INSERT INTO `options` (`option_id`, `label`, `result_id`) VALUES (105, 'I take the weapon.', 121);
INSERT INTO `options` (`option_id`, `label`, `result_id`) VALUES (106, 'I leave the weapon.', 119);
INSERT INTO `options` (`option_id`, `label`, `result_id`) VALUES (110, 'I take the tome with me.', 133);
INSERT INTO `options` (`option_id`, `label`, `result_id`) VALUES (111, 'I leave the tome.', 119);
INSERT INTO `options` (`option_id`, `label`, `result_id`) VALUES (112, 'I inspect the tome.', 135);
INSERT INTO `options` (`option_id`, `label`, `result_id`) VALUES (113, 'I take the tome with me.', 136);
INSERT INTO `options` (`option_id`, `label`, `result_id`) VALUES (114, 'I leave the tome.', 4);
INSERT INTO `options` (`option_id`, `label`, `result_id`) VALUES (115, 'I take the tome with me.', 139);
INSERT INTO `options` (`option_id`, `label`, `result_id`) VALUES (117, 'I inspect the book.', 141);
INSERT INTO `options` (`option_id`, `label`, `result_id`) VALUES (118, 'I take the book with me.', 142);
INSERT INTO `options` (`option_id`, `label`, `result_id`) VALUES (119, 'I leave the book.', 4);
INSERT INTO `options` (`option_id`, `label`, `result_id`) VALUES (120, 'I take the bucket.', 145);
INSERT INTO `options` (`option_id`, `label`, `result_id`) VALUES (121, 'I take the hoe.', 146);
INSERT INTO `options` (`option_id`, `label`, `result_id`) VALUES (122, 'I take the scythe.', 147);
INSERT INTO `options` (`option_id`, `label`, `result_id`) VALUES (123, 'I keep moving.', 119);
INSERT INTO `options` (`option_id`, `label`, `result_id`) VALUES (124, 'I inspect the barn.', 149);
INSERT INTO `options` (`option_id`, `label`, `result_id`) VALUES (125, 'I ignore it and keep going.', 4);
INSERT INTO `options` (`option_id`, `label`, `result_id`) VALUES (126, 'I take the weapon.', 152);
INSERT INTO `options` (`option_id`, `label`, `result_id`) VALUES (127, 'I leave the weapon.', 119);
INSERT INTO `options` (`option_id`, `label`, `result_id`) VALUES (128, 'I inspect the weapon.', 154);
INSERT INTO `options` (`option_id`, `label`, `result_id`) VALUES (129, 'I take the weapon.', 155);
INSERT INTO `options` (`option_id`, `label`, `result_id`) VALUES (130, 'I leave the weapon.', 4);
INSERT INTO `options` (`option_id`, `label`, `result_id`) VALUES (131, 'I accept her challenge.', 158);
INSERT INTO `options` (`option_id`, `label`, `result_id`) VALUES (133, 'I attempt to steal her book.', 160);
INSERT INTO `options` (`option_id`, `label`, `result_id`) VALUES (134, 'I ignore her and keep going.', 161);
INSERT INTO `options` (`option_id`, `label`, `result_id`) VALUES (135, 'I inspect her book.', 162);
INSERT INTO `options` (`option_id`, `label`, `result_id`) VALUES (136, 'I attempt to steal her book.', 163);
INSERT INTO `options` (`option_id`, `label`, `result_id`) VALUES (137, 'I ignore her and keep going.', 164);
INSERT INTO `options` (`option_id`, `label`, `result_id`) VALUES (138, 'I take the item.', 166);
INSERT INTO `options` (`option_id`, `label`, `result_id`) VALUES (139, 'I leave the item.', 119);
INSERT INTO `options` (`option_id`, `label`, `result_id`) VALUES (140, 'I inspect the pumpkin.', 168);
INSERT INTO `options` (`option_id`, `label`, `result_id`) VALUES (141, 'I smash the pumpkin.', 166);
INSERT INTO `options` (`option_id`, `label`, `result_id`) VALUES (142, 'I try to fight it.', 170);
INSERT INTO `options` (`option_id`, `label`, `result_id`) VALUES (143, 'I ignore it.', 4);
INSERT INTO `options` (`option_id`, `label`, `result_id`) VALUES (144, 'I squish the spider.', 173);
INSERT INTO `options` (`option_id`, `label`, `result_id`) VALUES (145, 'I guide the spider away.', 174);
INSERT INTO `options` (`option_id`, `label`, `result_id`) VALUES (146, 'I run away!', 175);
INSERT INTO `options` (`option_id`, `label`, `result_id`) VALUES (147, 'I ignore it.', 4);
INSERT INTO `options` (`option_id`, `label`, `result_id`) VALUES (148, 'Four artifacts worth 60 coins?', 178);
INSERT INTO `options` (`option_id`, `label`, `result_id`) VALUES (149, 'Three artifacts worth 50 coins?', 179);
INSERT INTO `options` (`option_id`, `label`, `result_id`) VALUES (150, 'Eight artifacts worth 50 coins?', 180);
INSERT INTO `options` (`option_id`, `label`, `result_id`) VALUES (151, 'Do I look like a scholar?', 181);
INSERT INTO `options` (`option_id`, `label`, `result_id`) VALUES (152, 'I ask her for my fortune.', 183);
INSERT INTO `options` (`option_id`, `label`, `result_id`) VALUES (153, 'I ignore her and keep going.', 4);
INSERT INTO `options` (`option_id`, `label`, `result_id`) VALUES (154, 'I try to pet her.', 185);
INSERT INTO `options` (`option_id`, `label`, `result_id`) VALUES (155, 'I ignore him and keep going.', 187);
INSERT INTO `options` (`option_id`, `label`, `result_id`) VALUES (156, 'I politely ask what he is talking about.', 188);
INSERT INTO `options` (`option_id`, `label`, `result_id`) VALUES (157, 'I politely ask if he is crazy.', 189);
INSERT INTO `options` (`option_id`, `label`, `result_id`) VALUES (158, 'I aggressively ask what he is talking about.', 190);
INSERT INTO `options` (`option_id`, `label`, `result_id`) VALUES (159, 'I run away!', 192);
INSERT INTO `options` (`option_id`, `label`, `result_id`) VALUES (160, 'I try to fight them!', 193);
INSERT INTO `options` (`option_id`, `label`, `result_id`) VALUES (161, 'I give them something.', 194);
INSERT INTO `options` (`option_id`, `label`, `result_id`) VALUES (162, 'I try to fight them.', 193);
INSERT INTO `options` (`option_id`, `label`, `result_id`) VALUES (164, 'I bargain with them to pass.', 197);
INSERT INTO `options` (`option_id`, `label`, `result_id`) VALUES (165, 'I hold the paper up and say, Grant my wish.', 199);
INSERT INTO `options` (`option_id`, `label`, `result_id`) VALUES (166, 'I say, Grant my wish?', 200);
INSERT INTO `options` (`option_id`, `label`, `result_id`) VALUES (167, 'I say, Grant my wish.', 201);
INSERT INTO `options` (`option_id`, `label`, `result_id`) VALUES (168, 'I toss the paper and keep moving.', 4);
INSERT INTO `options` (`option_id`, `label`, `result_id`) VALUES (169, 'I try to hitch a ride!', 204);
INSERT INTO `options` (`option_id`, `label`, `result_id`) VALUES (170, 'I try to fight them!', 205);
INSERT INTO `options` (`option_id`, `label`, `result_id`) VALUES (171, 'I do nothing.', 206);
INSERT INTO `options` (`option_id`, `label`, `result_id`) VALUES (172, 'I catch it!', 208);
INSERT INTO `options` (`option_id`, `label`, `result_id`) VALUES (173, 'I dodge it!', 209);
INSERT INTO `options` (`option_id`, `label`, `result_id`) VALUES (174, 'I keep going.', 4);
INSERT INTO `options` (`option_id`, `label`, `result_id`) VALUES (175, 'I dodge it.', 212);
INSERT INTO `options` (`option_id`, `label`, `result_id`) VALUES (176, 'I run away!', 10);
INSERT INTO `options` (`option_id`, `label`, `result_id`) VALUES (177, 'I''ll shoot back with my bow.', 214);
INSERT INTO `options` (`option_id`, `label`, `result_id`) VALUES (178, 'I ignore them and keep going.', 4);
INSERT INTO `options` (`option_id`, `label`, `result_id`) VALUES (179, 'I aggressively stop them.', 217);
INSERT INTO `options` (`option_id`, `label`, `result_id`) VALUES (180, 'I politely stop them.', 218);
INSERT INTO `options` (`option_id`, `label`, `result_id`) VALUES (182, 'I try to fight them!', 221);
INSERT INTO `options` (`option_id`, `label`, `result_id`) VALUES (183, 'I ask them, Why attack me?', 222);
INSERT INTO `options` (`option_id`, `label`, `result_id`) VALUES (184, 'I cast a spell!', 223);
INSERT INTO `options` (`option_id`, `label`, `result_id`) VALUES (185, 'I attempt to extinguish the imp.', 225);
INSERT INTO `options` (`option_id`, `label`, `result_id`) VALUES (186, 'I run away!', 10);
INSERT INTO `options` (`option_id`, `label`, `result_id`) VALUES (187, 'I try to fight it!', 227);
INSERT INTO `options` (`option_id`, `label`, `result_id`) VALUES (188, 'I do nothing.', 228);
INSERT INTO `options` (`option_id`, `label`, `result_id`) VALUES (189, 'I try to dodge it!', 229);
INSERT INTO `options` (`option_id`, `label`, `result_id`) VALUES (190, 'I try to stop it!', 230);
INSERT INTO `options` (`option_id`, `label`, `result_id`) VALUES (191, 'I do nothing.', 231);
INSERT INTO `options` (`option_id`, `label`, `result_id`) VALUES (192, 'I cast a spell!', 232);
INSERT INTO `options` (`option_id`, `label`, `result_id`) VALUES (193, 'I take the stick.', 234);
INSERT INTO `options` (`option_id`, `label`, `result_id`) VALUES (194, 'I leave the stick.', 119);
INSERT INTO `options` (`option_id`, `label`, `result_id`) VALUES (195, 'I inspect the stick.', 236);
INSERT INTO `options` (`option_id`, `label`, `result_id`) VALUES (196, 'I take the stick.', 237);
INSERT INTO `options` (`option_id`, `label`, `result_id`) VALUES (197, 'I leave the stick.', 4);
INSERT INTO `options` (`option_id`, `label`, `result_id`) VALUES (198, 'I will trade a Greater Loot item.', 240);
INSERT INTO `options` (`option_id`, `label`, `result_id`) VALUES (199, 'I will trade a Lesser Loot item.', 241);
INSERT INTO `options` (`option_id`, `label`, `result_id`) VALUES (200, 'I will trade 2 Lesser Loot items.', 242);
INSERT INTO `options` (`option_id`, `label`, `result_id`) VALUES (202, 'I run away!', 245);
INSERT INTO `options` (`option_id`, `label`, `result_id`) VALUES (203, 'I try to fight it!', 246);
INSERT INTO `options` (`option_id`, `label`, `result_id`) VALUES (204, 'I try to intimidate it.', 246);
INSERT INTO `options` (`option_id`, `label`, `result_id`) VALUES (206, 'I ignore it.', 250);
INSERT INTO `options` (`option_id`, `label`, `result_id`) VALUES (207, 'I take the weapon.', 252);
INSERT INTO `options` (`option_id`, `label`, `result_id`) VALUES (209, 'I inspect the weapon.', 254);
INSERT INTO `options` (`option_id`, `label`, `result_id`) VALUES (210, 'I take the weapon.', 255);
INSERT INTO `options` (`option_id`, `label`, `result_id`) VALUES (211, 'I leave the weapon.', 4);
INSERT INTO `options` (`option_id`, `label`, `result_id`) VALUES (212, 'I pull the first lever.', 70);
INSERT INTO `options` (`option_id`, `label`, `result_id`) VALUES (213, 'I pull the second lever.', 69);
INSERT INTO `options` (`option_id`, `label`, `result_id`) VALUES (217, 'I pull the second lever.', 71);
INSERT INTO `options` (`option_id`, `label`, `result_id`) VALUES (218, 'I pull the third lever.', 70);
INSERT INTO `options` (`option_id`, `label`, `result_id`) VALUES (219, 'I pull none and keep moving.', 4);
INSERT INTO `options` (`option_id`, `label`, `result_id`) VALUES (220, 'I take the weapon.', 268);
INSERT INTO `options` (`option_id`, `label`, `result_id`) VALUES (221, 'I leave the weapon.', 4);
INSERT INTO `options` (`option_id`, `label`, `result_id`) VALUES (222, 'I try to get water.', 271);
INSERT INTO `options` (`option_id`, `label`, `result_id`) VALUES (223, 'I toss my coin in it.', 272);
INSERT INTO `options` (`option_id`, `label`, `result_id`) VALUES (224, 'I keep going.', 119);
INSERT INTO `options` (`option_id`, `label`, `result_id`) VALUES (225, 'I inspect the well.', 274);
INSERT INTO `options` (`option_id`, `label`, `result_id`) VALUES (229, 'I take the coin.', 279);
INSERT INTO `options` (`option_id`, `label`, `result_id`) VALUES (230, 'I take the cloak.', 280);
INSERT INTO `options` (`option_id`, `label`, `result_id`) VALUES (231, 'I fill my bucket with rocks.', 281);
INSERT INTO `options` (`option_id`, `label`, `result_id`) VALUES (233, 'I inspect the pile.', 283);
INSERT INTO `options` (`option_id`, `label`, `result_id`) VALUES (234, 'I take something from the pile.', 284);
INSERT INTO `options` (`option_id`, `label`, `result_id`) VALUES (235, 'I ignore the pile and keep going.', 4);
INSERT INTO `options` (`option_id`, `label`, `result_id`) VALUES (236, 'I ignore him and keep going.', 287);
INSERT INTO `options` (`option_id`, `label`, `result_id`) VALUES (237, 'I run away!', 10);
INSERT INTO `options` (`option_id`, `label`, `result_id`) VALUES (238, 'I try to fight him!', 289);
INSERT INTO `options` (`option_id`, `label`, `result_id`) VALUES (239, 'I say, One dog.', 291);
INSERT INTO `options` (`option_id`, `label`, `result_id`) VALUES (240, 'I say, No dog.', 292);
INSERT INTO `options` (`option_id`, `label`, `result_id`) VALUES (241, 'I say, Two dogs.', 293);
INSERT INTO `options` (`option_id`, `label`, `result_id`) VALUES (242, 'I say, No idea.', 294);
INSERT INTO `options` (`option_id`, `label`, `result_id`) VALUES (243, 'I say, I''m bad luck?', 296);
INSERT INTO `options` (`option_id`, `label`, `result_id`) VALUES (244, 'I say, I am a clock?', 297);
INSERT INTO `options` (`option_id`, `label`, `result_id`) VALUES (245, 'I say, I am a math teacher?', 298);
INSERT INTO `options` (`option_id`, `label`, `result_id`) VALUES (246, 'I say, I am clueless.', 299);
INSERT INTO `options` (`option_id`, `label`, `result_id`) VALUES (247, 'I say, Healing fire.', 301);
INSERT INTO `options` (`option_id`, `label`, `result_id`) VALUES (248, 'I say, Choking fire.', 302);
INSERT INTO `options` (`option_id`, `label`, `result_id`) VALUES (249, 'I say, Hurrying fire.', 303);
INSERT INTO `options` (`option_id`, `label`, `result_id`) VALUES (250, 'I ignore it.', 4);
INSERT INTO `options` (`option_id`, `label`, `result_id`) VALUES (251, 'Yes', 309);
INSERT INTO `options` (`option_id`, `label`, `result_id`) VALUES (252, 'No', 307);
INSERT INTO `options` (`option_id`, `label`, `result_id`) VALUES (253, 'The Bar', 310);
INSERT INTO `options` (`option_id`, `label`, `result_id`) VALUES (254, 'The Dining Area', 311);
INSERT INTO `options` (`option_id`, `label`, `result_id`) VALUES (255, 'The Library', 312);
INSERT INTO `options` (`option_id`, `label`, `result_id`) VALUES (256, 'My Room', 313);

INSERT INTO `event_options` (`event_id`, `option_id`) VALUES (5, 1);
INSERT INTO `event_options` (`event_id`, `option_id`) VALUES (5, 2);
INSERT INTO `event_options` (`event_id`, `option_id`) VALUES (5, 3);
INSERT INTO `event_options` (`event_id`, `option_id`) VALUES (5, 4);
INSERT INTO `event_options` (`event_id`, `option_id`) VALUES (9, 5);
INSERT INTO `event_options` (`event_id`, `option_id`) VALUES (9, 6);
INSERT INTO `event_options` (`event_id`, `option_id`) VALUES (9, 7);
INSERT INTO `event_options` (`event_id`, `option_id`) VALUES (14, 8);
INSERT INTO `event_options` (`event_id`, `option_id`) VALUES (14, 9);
INSERT INTO `event_options` (`event_id`, `option_id`) VALUES (14, 10);
INSERT INTO `event_options` (`event_id`, `option_id`) VALUES (14, 11);
INSERT INTO `event_options` (`event_id`, `option_id`) VALUES (18, 8);
INSERT INTO `event_options` (`event_id`, `option_id`) VALUES (18, 13);
INSERT INTO `event_options` (`event_id`, `option_id`) VALUES (18, 14);
INSERT INTO `event_options` (`event_id`, `option_id`) VALUES (22, 15);
INSERT INTO `event_options` (`event_id`, `option_id`) VALUES (22, 16);
INSERT INTO `event_options` (`event_id`, `option_id`) VALUES (22, 17);
INSERT INTO `event_options` (`event_id`, `option_id`) VALUES (26, 18);
INSERT INTO `event_options` (`event_id`, `option_id`) VALUES (26, 19);
INSERT INTO `event_options` (`event_id`, `option_id`) VALUES (26, 20);
INSERT INTO `event_options` (`event_id`, `option_id`) VALUES (31, 21);
INSERT INTO `event_options` (`event_id`, `option_id`) VALUES (31, 22);
INSERT INTO `event_options` (`event_id`, `option_id`) VALUES (31, 23);
INSERT INTO `event_options` (`event_id`, `option_id`) VALUES (31, 24);
INSERT INTO `event_options` (`event_id`, `option_id`) VALUES (36, 25);
INSERT INTO `event_options` (`event_id`, `option_id`) VALUES (36, 26);
INSERT INTO `event_options` (`event_id`, `option_id`) VALUES (36, 27);
INSERT INTO `event_options` (`event_id`, `option_id`) VALUES (36, 28);
INSERT INTO `event_options` (`event_id`, `option_id`) VALUES (41, 8);
INSERT INTO `event_options` (`event_id`, `option_id`) VALUES (41, 29);
INSERT INTO `event_options` (`event_id`, `option_id`) VALUES (41, 30);
INSERT INTO `event_options` (`event_id`, `option_id`) VALUES (41, 31);
INSERT INTO `event_options` (`event_id`, `option_id`) VALUES (46, 33);
INSERT INTO `event_options` (`event_id`, `option_id`) VALUES (46, 34);
INSERT INTO `event_options` (`event_id`, `option_id`) VALUES (46, 35);
INSERT INTO `event_options` (`event_id`, `option_id`) VALUES (46, 36);
INSERT INTO `event_options` (`event_id`, `option_id`) VALUES (51, 8);
INSERT INTO `event_options` (`event_id`, `option_id`) VALUES (51, 37);
INSERT INTO `event_options` (`event_id`, `option_id`) VALUES (51, 39);
INSERT INTO `event_options` (`event_id`, `option_id`) VALUES (51, 40);
INSERT INTO `event_options` (`event_id`, `option_id`) VALUES (56, 8);
INSERT INTO `event_options` (`event_id`, `option_id`) VALUES (56, 42);
INSERT INTO `event_options` (`event_id`, `option_id`) VALUES (56, 43);
INSERT INTO `event_options` (`event_id`, `option_id`) VALUES (56, 44);
INSERT INTO `event_options` (`event_id`, `option_id`) VALUES (61, 45);
INSERT INTO `event_options` (`event_id`, `option_id`) VALUES (61, 46);
INSERT INTO `event_options` (`event_id`, `option_id`) VALUES (61, 47);
INSERT INTO `event_options` (`event_id`, `option_id`) VALUES (61, 48);
INSERT INTO `event_options` (`event_id`, `option_id`) VALUES (64, 49);
INSERT INTO `event_options` (`event_id`, `option_id`) VALUES (64, 50);
INSERT INTO `event_options` (`event_id`, `option_id`) VALUES (68, 51);
INSERT INTO `event_options` (`event_id`, `option_id`) VALUES (68, 52);
INSERT INTO `event_options` (`event_id`, `option_id`) VALUES (68, 53);
INSERT INTO `event_options` (`event_id`, `option_id`) VALUES (68, 54);
INSERT INTO `event_options` (`event_id`, `option_id`) VALUES (73, 55);
INSERT INTO `event_options` (`event_id`, `option_id`) VALUES (73, 56);
INSERT INTO `event_options` (`event_id`, `option_id`) VALUES (73, 57);
INSERT INTO `event_options` (`event_id`, `option_id`) VALUES (73, 58);
INSERT INTO `event_options` (`event_id`, `option_id`) VALUES (78, 8);
INSERT INTO `event_options` (`event_id`, `option_id`) VALUES (78, 59);
INSERT INTO `event_options` (`event_id`, `option_id`) VALUES (78, 60);
INSERT INTO `event_options` (`event_id`, `option_id`) VALUES (78, 61);
INSERT INTO `event_options` (`event_id`, `option_id`) VALUES (83, 8);
INSERT INTO `event_options` (`event_id`, `option_id`) VALUES (83, 63);
INSERT INTO `event_options` (`event_id`, `option_id`) VALUES (83, 65);
INSERT INTO `event_options` (`event_id`, `option_id`) VALUES (83, 66);
INSERT INTO `event_options` (`event_id`, `option_id`) VALUES (91, 70);
INSERT INTO `event_options` (`event_id`, `option_id`) VALUES (91, 71);
INSERT INTO `event_options` (`event_id`, `option_id`) VALUES (91, 72);
INSERT INTO `event_options` (`event_id`, `option_id`) VALUES (91, 73);
INSERT INTO `event_options` (`event_id`, `option_id`) VALUES (96, 75);
INSERT INTO `event_options` (`event_id`, `option_id`) VALUES (96, 76);
INSERT INTO `event_options` (`event_id`, `option_id`) VALUES (96, 77);
INSERT INTO `event_options` (`event_id`, `option_id`) VALUES (96, 78);
INSERT INTO `event_options` (`event_id`, `option_id`) VALUES (101, 80);
INSERT INTO `event_options` (`event_id`, `option_id`) VALUES (101, 81);
INSERT INTO `event_options` (`event_id`, `option_id`) VALUES (101, 82);
INSERT INTO `event_options` (`event_id`, `option_id`) VALUES (101, 83);
INSERT INTO `event_options` (`event_id`, `option_id`) VALUES (105, 85);
INSERT INTO `event_options` (`event_id`, `option_id`) VALUES (105, 86);
INSERT INTO `event_options` (`event_id`, `option_id`) VALUES (105, 87);
INSERT INTO `event_options` (`event_id`, `option_id`) VALUES (106, 74);
INSERT INTO `event_options` (`event_id`, `option_id`) VALUES (106, 79);
INSERT INTO `event_options` (`event_id`, `option_id`) VALUES (106, 84);
INSERT INTO `event_options` (`event_id`, `option_id`) VALUES (106, 88);
INSERT INTO `event_options` (`event_id`, `option_id`) VALUES (107, 67);
INSERT INTO `event_options` (`event_id`, `option_id`) VALUES (107, 68);
INSERT INTO `event_options` (`event_id`, `option_id`) VALUES (107, 69);
INSERT INTO `event_options` (`event_id`, `option_id`) VALUES (107, 89);
INSERT INTO `event_options` (`event_id`, `option_id`) VALUES (112, 90);
INSERT INTO `event_options` (`event_id`, `option_id`) VALUES (112, 91);
INSERT INTO `event_options` (`event_id`, `option_id`) VALUES (112, 92);
INSERT INTO `event_options` (`event_id`, `option_id`) VALUES (112, 93);
INSERT INTO `event_options` (`event_id`, `option_id`) VALUES (117, 8);
INSERT INTO `event_options` (`event_id`, `option_id`) VALUES (117, 95);
INSERT INTO `event_options` (`event_id`, `option_id`) VALUES (117, 96);
INSERT INTO `event_options` (`event_id`, `option_id`) VALUES (117, 97);
INSERT INTO `event_options` (`event_id`, `option_id`) VALUES (120, 98);
INSERT INTO `event_options` (`event_id`, `option_id`) VALUES (120, 99);
INSERT INTO `event_options` (`event_id`, `option_id`) VALUES (123, 100);
INSERT INTO `event_options` (`event_id`, `option_id`) VALUES (123, 101);
INSERT INTO `event_options` (`event_id`, `option_id`) VALUES (126, 102);
INSERT INTO `event_options` (`event_id`, `option_id`) VALUES (126, 103);
INSERT INTO `event_options` (`event_id`, `option_id`) VALUES (126, 104);
INSERT INTO `event_options` (`event_id`, `option_id`) VALUES (132, 102);
INSERT INTO `event_options` (`event_id`, `option_id`) VALUES (132, 103);
INSERT INTO `event_options` (`event_id`, `option_id`) VALUES (132, 104);
INSERT INTO `event_options` (`event_id`, `option_id`) VALUES (135, 110);
INSERT INTO `event_options` (`event_id`, `option_id`) VALUES (135, 111);
INSERT INTO `event_options` (`event_id`, `option_id`) VALUES (138, 112);
INSERT INTO `event_options` (`event_id`, `option_id`) VALUES (138, 113);
INSERT INTO `event_options` (`event_id`, `option_id`) VALUES (138, 114);
INSERT INTO `event_options` (`event_id`, `option_id`) VALUES (141, 111);
INSERT INTO `event_options` (`event_id`, `option_id`) VALUES (141, 115);
INSERT INTO `event_options` (`event_id`, `option_id`) VALUES (144, 117);
INSERT INTO `event_options` (`event_id`, `option_id`) VALUES (144, 118);
INSERT INTO `event_options` (`event_id`, `option_id`) VALUES (144, 119);
INSERT INTO `event_options` (`event_id`, `option_id`) VALUES (149, 120);
INSERT INTO `event_options` (`event_id`, `option_id`) VALUES (149, 121);
INSERT INTO `event_options` (`event_id`, `option_id`) VALUES (149, 122);
INSERT INTO `event_options` (`event_id`, `option_id`) VALUES (149, 123);
INSERT INTO `event_options` (`event_id`, `option_id`) VALUES (151, 124);
INSERT INTO `event_options` (`event_id`, `option_id`) VALUES (151, 125);
INSERT INTO `event_options` (`event_id`, `option_id`) VALUES (154, 101);
INSERT INTO `event_options` (`event_id`, `option_id`) VALUES (154, 126);
INSERT INTO `event_options` (`event_id`, `option_id`) VALUES (157, 104);
INSERT INTO `event_options` (`event_id`, `option_id`) VALUES (157, 128);
INSERT INTO `event_options` (`event_id`, `option_id`) VALUES (157, 129);
INSERT INTO `event_options` (`event_id`, `option_id`) VALUES (162, 131);
INSERT INTO `event_options` (`event_id`, `option_id`) VALUES (162, 133);
INSERT INTO `event_options` (`event_id`, `option_id`) VALUES (162, 134);
INSERT INTO `event_options` (`event_id`, `option_id`) VALUES (165, 131);
INSERT INTO `event_options` (`event_id`, `option_id`) VALUES (165, 135);
INSERT INTO `event_options` (`event_id`, `option_id`) VALUES (165, 136);
INSERT INTO `event_options` (`event_id`, `option_id`) VALUES (165, 137);
INSERT INTO `event_options` (`event_id`, `option_id`) VALUES (168, 138);
INSERT INTO `event_options` (`event_id`, `option_id`) VALUES (168, 139);
INSERT INTO `event_options` (`event_id`, `option_id`) VALUES (172, 140);
INSERT INTO `event_options` (`event_id`, `option_id`) VALUES (172, 141);
INSERT INTO `event_options` (`event_id`, `option_id`) VALUES (172, 142);
INSERT INTO `event_options` (`event_id`, `option_id`) VALUES (172, 143);
INSERT INTO `event_options` (`event_id`, `option_id`) VALUES (177, 143);
INSERT INTO `event_options` (`event_id`, `option_id`) VALUES (177, 144);
INSERT INTO `event_options` (`event_id`, `option_id`) VALUES (177, 145);
INSERT INTO `event_options` (`event_id`, `option_id`) VALUES (177, 146);
INSERT INTO `event_options` (`event_id`, `option_id`) VALUES (182, 148);
INSERT INTO `event_options` (`event_id`, `option_id`) VALUES (182, 149);
INSERT INTO `event_options` (`event_id`, `option_id`) VALUES (182, 150);
INSERT INTO `event_options` (`event_id`, `option_id`) VALUES (182, 151);
INSERT INTO `event_options` (`event_id`, `option_id`) VALUES (186, 152);
INSERT INTO `event_options` (`event_id`, `option_id`) VALUES (186, 153);
INSERT INTO `event_options` (`event_id`, `option_id`) VALUES (186, 154);
INSERT INTO `event_options` (`event_id`, `option_id`) VALUES (191, 155);
INSERT INTO `event_options` (`event_id`, `option_id`) VALUES (191, 156);
INSERT INTO `event_options` (`event_id`, `option_id`) VALUES (191, 157);
INSERT INTO `event_options` (`event_id`, `option_id`) VALUES (191, 158);
INSERT INTO `event_options` (`event_id`, `option_id`) VALUES (197, 159);
INSERT INTO `event_options` (`event_id`, `option_id`) VALUES (197, 161);
INSERT INTO `event_options` (`event_id`, `option_id`) VALUES (197, 162);
INSERT INTO `event_options` (`event_id`, `option_id`) VALUES (198, 159);
INSERT INTO `event_options` (`event_id`, `option_id`) VALUES (198, 160);
INSERT INTO `event_options` (`event_id`, `option_id`) VALUES (198, 164);
INSERT INTO `event_options` (`event_id`, `option_id`) VALUES (203, 165);
INSERT INTO `event_options` (`event_id`, `option_id`) VALUES (203, 166);
INSERT INTO `event_options` (`event_id`, `option_id`) VALUES (203, 167);
INSERT INTO `event_options` (`event_id`, `option_id`) VALUES (203, 168);
INSERT INTO `event_options` (`event_id`, `option_id`) VALUES (207, 169);
INSERT INTO `event_options` (`event_id`, `option_id`) VALUES (207, 170);
INSERT INTO `event_options` (`event_id`, `option_id`) VALUES (207, 171);
INSERT INTO `event_options` (`event_id`, `option_id`) VALUES (211, 172);
INSERT INTO `event_options` (`event_id`, `option_id`) VALUES (211, 173);
INSERT INTO `event_options` (`event_id`, `option_id`) VALUES (211, 174);
INSERT INTO `event_options` (`event_id`, `option_id`) VALUES (215, 8);
INSERT INTO `event_options` (`event_id`, `option_id`) VALUES (215, 175);
INSERT INTO `event_options` (`event_id`, `option_id`) VALUES (215, 177);
INSERT INTO `event_options` (`event_id`, `option_id`) VALUES (219, 178);
INSERT INTO `event_options` (`event_id`, `option_id`) VALUES (219, 179);
INSERT INTO `event_options` (`event_id`, `option_id`) VALUES (219, 180);
INSERT INTO `event_options` (`event_id`, `option_id`) VALUES (224, 8);
INSERT INTO `event_options` (`event_id`, `option_id`) VALUES (224, 182);
INSERT INTO `event_options` (`event_id`, `option_id`) VALUES (224, 183);
INSERT INTO `event_options` (`event_id`, `option_id`) VALUES (224, 184);
INSERT INTO `event_options` (`event_id`, `option_id`) VALUES (229, 8);
INSERT INTO `event_options` (`event_id`, `option_id`) VALUES (229, 185);
INSERT INTO `event_options` (`event_id`, `option_id`) VALUES (229, 187);
INSERT INTO `event_options` (`event_id`, `option_id`) VALUES (229, 188);
INSERT INTO `event_options` (`event_id`, `option_id`) VALUES (233, 189);
INSERT INTO `event_options` (`event_id`, `option_id`) VALUES (233, 190);
INSERT INTO `event_options` (`event_id`, `option_id`) VALUES (233, 191);
INSERT INTO `event_options` (`event_id`, `option_id`) VALUES (233, 192);
INSERT INTO `event_options` (`event_id`, `option_id`) VALUES (236, 193);
INSERT INTO `event_options` (`event_id`, `option_id`) VALUES (236, 194);
INSERT INTO `event_options` (`event_id`, `option_id`) VALUES (239, 195);
INSERT INTO `event_options` (`event_id`, `option_id`) VALUES (239, 196);
INSERT INTO `event_options` (`event_id`, `option_id`) VALUES (239, 197);
INSERT INTO `event_options` (`event_id`, `option_id`) VALUES (244, 4);
INSERT INTO `event_options` (`event_id`, `option_id`) VALUES (244, 198);
INSERT INTO `event_options` (`event_id`, `option_id`) VALUES (244, 199);
INSERT INTO `event_options` (`event_id`, `option_id`) VALUES (244, 200);
INSERT INTO `event_options` (`event_id`, `option_id`) VALUES (249, 143);
INSERT INTO `event_options` (`event_id`, `option_id`) VALUES (249, 202);
INSERT INTO `event_options` (`event_id`, `option_id`) VALUES (249, 203);
INSERT INTO `event_options` (`event_id`, `option_id`) VALUES (249, 204);
INSERT INTO `event_options` (`event_id`, `option_id`) VALUES (251, 206);
INSERT INTO `event_options` (`event_id`, `option_id`) VALUES (254, 101);
INSERT INTO `event_options` (`event_id`, `option_id`) VALUES (254, 207);
INSERT INTO `event_options` (`event_id`, `option_id`) VALUES (257, 104);
INSERT INTO `event_options` (`event_id`, `option_id`) VALUES (257, 209);
INSERT INTO `event_options` (`event_id`, `option_id`) VALUES (257, 210);
INSERT INTO `event_options` (`event_id`, `option_id`) VALUES (262, 57);
INSERT INTO `event_options` (`event_id`, `option_id`) VALUES (262, 58);
INSERT INTO `event_options` (`event_id`, `option_id`) VALUES (262, 212);
INSERT INTO `event_options` (`event_id`, `option_id`) VALUES (262, 213);
INSERT INTO `event_options` (`event_id`, `option_id`) VALUES (267, 55);
INSERT INTO `event_options` (`event_id`, `option_id`) VALUES (267, 58);
INSERT INTO `event_options` (`event_id`, `option_id`) VALUES (267, 217);
INSERT INTO `event_options` (`event_id`, `option_id`) VALUES (267, 218);
INSERT INTO `event_options` (`event_id`, `option_id`) VALUES (270, 104);
INSERT INTO `event_options` (`event_id`, `option_id`) VALUES (270, 220);
INSERT INTO `event_options` (`event_id`, `option_id`) VALUES (274, 222);
INSERT INTO `event_options` (`event_id`, `option_id`) VALUES (274, 223);
INSERT INTO `event_options` (`event_id`, `option_id`) VALUES (274, 224);
INSERT INTO `event_options` (`event_id`, `option_id`) VALUES (278, 125);
INSERT INTO `event_options` (`event_id`, `option_id`) VALUES (278, 222);
INSERT INTO `event_options` (`event_id`, `option_id`) VALUES (278, 223);
INSERT INTO `event_options` (`event_id`, `option_id`) VALUES (278, 225);
INSERT INTO `event_options` (`event_id`, `option_id`) VALUES (283, 224);
INSERT INTO `event_options` (`event_id`, `option_id`) VALUES (283, 229);
INSERT INTO `event_options` (`event_id`, `option_id`) VALUES (283, 230);
INSERT INTO `event_options` (`event_id`, `option_id`) VALUES (283, 231);
INSERT INTO `event_options` (`event_id`, `option_id`) VALUES (286, 233);
INSERT INTO `event_options` (`event_id`, `option_id`) VALUES (286, 234);
INSERT INTO `event_options` (`event_id`, `option_id`) VALUES (286, 235);
INSERT INTO `event_options` (`event_id`, `option_id`) VALUES (290, 8);
INSERT INTO `event_options` (`event_id`, `option_id`) VALUES (290, 236);
INSERT INTO `event_options` (`event_id`, `option_id`) VALUES (290, 238);
INSERT INTO `event_options` (`event_id`, `option_id`) VALUES (295, 239);
INSERT INTO `event_options` (`event_id`, `option_id`) VALUES (295, 240);
INSERT INTO `event_options` (`event_id`, `option_id`) VALUES (295, 241);
INSERT INTO `event_options` (`event_id`, `option_id`) VALUES (295, 242);
INSERT INTO `event_options` (`event_id`, `option_id`) VALUES (300, 243);
INSERT INTO `event_options` (`event_id`, `option_id`) VALUES (300, 244);
INSERT INTO `event_options` (`event_id`, `option_id`) VALUES (300, 245);
INSERT INTO `event_options` (`event_id`, `option_id`) VALUES (300, 246);
INSERT INTO `event_options` (`event_id`, `option_id`) VALUES (305, 143);
INSERT INTO `event_options` (`event_id`, `option_id`) VALUES (305, 247);
INSERT INTO `event_options` (`event_id`, `option_id`) VALUES (305, 248);
INSERT INTO `event_options` (`event_id`, `option_id`) VALUES (305, 249);
INSERT INTO `event_options` (`event_id`, `option_id`) VALUES (308, 251);
INSERT INTO `event_options` (`event_id`, `option_id`) VALUES (308, 252);
INSERT INTO `event_options` (`event_id`, `option_id`) VALUES (309, 253);
INSERT INTO `event_options` (`event_id`, `option_id`) VALUES (309, 254);
INSERT INTO `event_options` (`event_id`, `option_id`) VALUES (309, 255);
INSERT INTO `event_options` (`event_id`, `option_id`) VALUES (309, 256);
INSERT INTO `event_options` (`event_id`, `option_id`) VALUES (310, 251);
INSERT INTO `event_options` (`event_id`, `option_id`) VALUES (310, 252);
INSERT INTO `event_options` (`event_id`, `option_id`) VALUES (311, 251);
INSERT INTO `event_options` (`event_id`, `option_id`) VALUES (311, 252);
INSERT INTO `event_options` (`event_id`, `option_id`) VALUES (312, 251);
INSERT INTO `event_options` (`event_id`, `option_id`) VALUES (312, 252);
INSERT INTO `event_options` (`event_id`, `option_id`) VALUES (313, 251);
INSERT INTO `event_options` (`event_id`, `option_id`) VALUES (313, 252);
